[26wrz2026 20:34:21.113] [main/INFO] [cpw.mods.modlauncher.Launcher/MODLAUNCHER]: ModLauncher running: args [--launchTarget, forgedatauserdev, --assetIndex, 5, --assetsDir, C:\Users\LivajQ\.gradle\caches\forge_gradle\assets, --gameDir, ., --fml.forgeVersion, 47.4.13, --fml.mcVersion, 1.20.1, --fml.forgeGroup, net.minecraftforge, --fml.mcpVersion, 20230612.114412, --mod, eternal_starlight, --all, --output, C:\AModeFolder\eternal-starlight\src\generated\resources, --existing, C:\AModeFolder\eternal-starlight\src\main\resources, --mixin.config, mixins.eternal_starlight.json]
[26wrz2026 20:34:21.116] [main/INFO] [cpw.mods.modlauncher.Launcher/MODLAUNCHER]: ModLauncher 10.0.9+10.0.9+main.dcd20f30 starting: java version 17.0.17 by Eclipse Adoptium; OS Windows 10 arch amd64 version 10.0
[26wrz2026 20:34:21.133] [main/DEBUG] [cpw.mods.modlauncher.LaunchServiceHandler/MODLAUNCHER]: Found launch services [fmlclientdev,forgeclient,minecraft,forgegametestserverdev,fmlserveruserdev,fmlclient,fmldatauserdev,forgeserverdev,forgeserveruserdev,forgeclientdev,forgeclientuserdev,forgeserver,forgedatadev,fmlserver,fmlclientuserdev,fmlserverdev,forgedatauserdev,testharness,forgegametestserveruserdev]
[26wrz2026 20:34:21.142] [main/DEBUG] [cpw.mods.modlauncher.NameMappingServiceHandler/MODLAUNCHER]: Found naming services : [srgtomcp]
[26wrz2026 20:34:21.153] [main/DEBUG] [cpw.mods.modlauncher.LaunchPluginHandler/MODLAUNCHER]: Found launch plugins: [mixin,eventbus,slf4jfixer,object_holder_definalize,runtime_enum_extender,capability_token_subclass,accesstransformer,runtimedistcleaner]
[26wrz2026 20:34:21.161] [main/DEBUG] [cpw.mods.modlauncher.TransformationServicesHandler/MODLAUNCHER]: Discovering transformation services
[26wrz2026 20:34:21.166] [main/DEBUG] [net.minecraftforge.fml.loading.FMLPaths/CORE]: Path GAMEDIR is C:\AModeFolder\eternal-starlight\run-data
[26wrz2026 20:34:21.166] [main/DEBUG] [net.minecraftforge.fml.loading.FMLPaths/CORE]: Path MODSDIR is C:\AModeFolder\eternal-starlight\run-data\mods
[26wrz2026 20:34:21.167] [main/DEBUG] [net.minecraftforge.fml.loading.FMLPaths/CORE]: Path CONFIGDIR is C:\AModeFolder\eternal-starlight\run-data\config
[26wrz2026 20:34:21.167] [main/DEBUG] [net.minecraftforge.fml.loading.FMLPaths/CORE]: Path FMLCONFIG is C:\AModeFolder\eternal-starlight\run-data\config\fml.toml
[26wrz2026 20:34:21.193] [main/WARN] [net.minecraftforge.fml.loading.FMLConfig/CORE]: Configuration file C:\AModeFolder\eternal-starlight\run-data\config\fml.toml is not correct. Correcting
[26wrz2026 20:34:21.194] [main/INFO] [net.minecraftforge.fml.loading.FMLConfig/CORE]: Incorrect key [earlyWindowSkipGLVersions] was corrected from null to []
[26wrz2026 20:34:21.195] [main/INFO] [net.minecraftforge.fml.loading.FMLConfig/CORE]: Incorrect key [earlyWindowLogHelpMessage] was corrected from null to true
[26wrz2026 20:34:21.195] [main/INFO] [net.minecraftforge.fml.loading.FMLConfig/CORE]: Incorrect key [earlyWindowSquir] was corrected from null to false
[26wrz2026 20:34:21.195] [main/INFO] [net.minecraftforge.fml.loading.FMLConfig/CORE]: Incorrect key [earlyWindowShowCPU] was corrected from null to false
[26wrz2026 20:34:21.204] [main/DEBUG] [cpw.mods.modlauncher.TransformationServicesHandler/MODLAUNCHER]: Found additional transformation services from discovery services: 
[26wrz2026 20:34:21.207] [main/INFO] [net.minecraftforge.fml.loading.ImmediateWindowHandler/]: ImmediateWindowProvider not loading because launch target is forgedatauserdev
[26wrz2026 20:34:21.213] [main/DEBUG] [cpw.mods.modlauncher.TransformationServicesHandler/MODLAUNCHER]: Found transformer services : [mixin,fml]
[26wrz2026 20:34:21.214] [main/DEBUG] [cpw.mods.modlauncher.TransformationServicesHandler/MODLAUNCHER]: Transformation services loading
[26wrz2026 20:34:21.214] [main/DEBUG] [cpw.mods.modlauncher.TransformationServiceDecorator/MODLAUNCHER]: Loading service mixin
[26wrz2026 20:34:21.214] [main/DEBUG] [cpw.mods.modlauncher.TransformationServiceDecorator/MODLAUNCHER]: Loaded service mixin
[26wrz2026 20:34:21.215] [main/DEBUG] [cpw.mods.modlauncher.TransformationServiceDecorator/MODLAUNCHER]: Loading service fml
[26wrz2026 20:34:21.215] [main/DEBUG] [net.minecraftforge.fml.loading.LauncherVersion/CORE]: Found FMLLauncher version 1.0
[26wrz2026 20:34:21.215] [main/DEBUG] [net.minecraftforge.fml.loading.FMLLoader/CORE]: FML 1.0 loading
[26wrz2026 20:34:21.216] [main/DEBUG] [net.minecraftforge.fml.loading.FMLLoader/CORE]: FML found ModLauncher version : 10.0.9+10.0.9+main.dcd20f30
[26wrz2026 20:34:21.216] [main/DEBUG] [net.minecraftforge.fml.loading.FMLLoader/CORE]: Requesting CoreMods to not apply the fix for ASMAPI.findFirstInstructionBefore by default
[26wrz2026 20:34:21.217] [main/DEBUG] [net.minecraftforge.fml.loading.FMLLoader/CORE]: FML found AccessTransformer version : 8.0.4+66+master.c09db6d7
[26wrz2026 20:34:21.217] [main/DEBUG] [net.minecraftforge.fml.loading.FMLLoader/CORE]: FML found EventBus version : 6.0.5+6.0.5+master.eb8e549b
[26wrz2026 20:34:21.217] [main/DEBUG] [net.minecraftforge.fml.loading.FMLLoader/CORE]: Found Runtime Dist Cleaner
[26wrz2026 20:34:21.219] [main/DEBUG] [net.minecraftforge.coremod.CoreModEngine/]: CoreMods will preserve legacy behavior of ASMAPI.findFirstInstructionBefore for backwards-compatibility
[26wrz2026 20:34:21.219] [main/DEBUG] [net.minecraftforge.fml.loading.FMLLoader/CORE]: FML found CoreMod version : 5.2.4
[26wrz2026 20:34:21.219] [main/DEBUG] [net.minecraftforge.fml.loading.FMLLoader/CORE]: Found ForgeSPI package implementation version 7.0.1+7.0.1+master.d2b38bf6
[26wrz2026 20:34:21.219] [main/DEBUG] [net.minecraftforge.fml.loading.FMLLoader/CORE]: Found ForgeSPI package specification 5
[26wrz2026 20:34:21.219] [main/DEBUG] [cpw.mods.modlauncher.TransformationServiceDecorator/MODLAUNCHER]: Loaded service fml
[26wrz2026 20:34:21.220] [main/DEBUG] [cpw.mods.modlauncher.TransformationServicesHandler/MODLAUNCHER]: Configuring option handling for services
[26wrz2026 20:34:21.225] [main/DEBUG] [cpw.mods.modlauncher.TransformationServicesHandler/MODLAUNCHER]: Transformation services initializing
[26wrz2026 20:34:21.225] [main/DEBUG] [cpw.mods.modlauncher.TransformationServiceDecorator/MODLAUNCHER]: Initializing transformation service mixin
[26wrz2026 20:34:21.236] [main/DEBUG] [mixin/]: MixinService [ModLauncher] was successfully booted in cpw.mods.cl.ModuleClassLoader@34b7ac2f
[26wrz2026 20:34:21.248] [main/INFO] [mixin/]: SpongePowered MIXIN Subsystem Version=0.8.5 Source=union:/C:/Users/LivajQ/.gradle/caches/modules-2/files-2.1/org.spongepowered/mixin/0.8.5/9d1c0c3a304ae6697ecd477218fa61b850bf57fc/mixin-0.8.5.jar%23128!/ Service=ModLauncher Env=CLIENT
[26wrz2026 20:34:21.252] [main/DEBUG] [mixin/]: Initialising Mixin Platform Manager
[26wrz2026 20:34:21.253] [main/DEBUG] [mixin/]: Adding mixin platform agents for container ModLauncher Root Container(ModLauncher:4f56a0a2)
[26wrz2026 20:34:21.253] [main/DEBUG] [mixin/]: Instancing new MixinPlatformAgentMinecraftForge for ModLauncher Root Container(ModLauncher:4f56a0a2)
[26wrz2026 20:34:21.253] [main/DEBUG] [mixin/]: MixinPlatformAgentMinecraftForge rejected container ModLauncher Root Container(ModLauncher:4f56a0a2)
[26wrz2026 20:34:21.254] [main/DEBUG] [mixin/]: Instancing new MixinPlatformAgentDefault for ModLauncher Root Container(ModLauncher:4f56a0a2)
[26wrz2026 20:34:21.254] [main/DEBUG] [mixin/]: MixinPlatformAgentDefault accepted container ModLauncher Root Container(ModLauncher:4f56a0a2)
[26wrz2026 20:34:21.255] [main/DEBUG] [cpw.mods.modlauncher.TransformationServiceDecorator/MODLAUNCHER]: Initialized transformation service mixin
[26wrz2026 20:34:21.256] [main/DEBUG] [cpw.mods.modlauncher.TransformationServiceDecorator/MODLAUNCHER]: Initializing transformation service fml
[26wrz2026 20:34:21.256] [main/DEBUG] [net.minecraftforge.fml.loading.FMLServiceProvider/CORE]: Setting up basic FML game directories
[26wrz2026 20:34:21.256] [main/DEBUG] [net.minecraftforge.fml.loading.FMLPaths/CORE]: Path GAMEDIR is C:\AModeFolder\eternal-starlight\run-data
[26wrz2026 20:34:21.256] [main/DEBUG] [net.minecraftforge.fml.loading.FMLPaths/CORE]: Path MODSDIR is C:\AModeFolder\eternal-starlight\run-data\mods
[26wrz2026 20:34:21.257] [main/DEBUG] [net.minecraftforge.fml.loading.FMLPaths/CORE]: Path CONFIGDIR is C:\AModeFolder\eternal-starlight\run-data\config
[26wrz2026 20:34:21.257] [main/DEBUG] [net.minecraftforge.fml.loading.FMLPaths/CORE]: Path FMLCONFIG is C:\AModeFolder\eternal-starlight\run-data\config\fml.toml
[26wrz2026 20:34:21.257] [main/DEBUG] [net.minecraftforge.fml.loading.FMLServiceProvider/CORE]: Loading configuration
[26wrz2026 20:34:21.259] [main/DEBUG] [net.minecraftforge.fml.loading.FMLServiceProvider/CORE]: Preparing ModFile
[26wrz2026 20:34:21.261] [main/DEBUG] [net.minecraftforge.fml.loading.FMLServiceProvider/CORE]: Preparing launch handler
[26wrz2026 20:34:21.261] [main/DEBUG] [net.minecraftforge.fml.loading.FMLLoader/CORE]: Using forgedatauserdev as launch service
[26wrz2026 20:34:21.269] [main/DEBUG] [net.minecraftforge.fml.loading.FMLLoader/CORE]: Received command line version data  : VersionInfo[forgeVersion=47.4.13, mcVersion=1.20.1, mcpVersion=20230612.114412, forgeGroup=net.minecraftforge]
[26wrz2026 20:34:21.270] [main/DEBUG] [cpw.mods.modlauncher.TransformationServiceDecorator/MODLAUNCHER]: Initialized transformation service fml
[26wrz2026 20:34:21.271] [main/DEBUG] [cpw.mods.modlauncher.NameMappingServiceHandler/MODLAUNCHER]: Current naming domain is 'mcp'
[26wrz2026 20:34:21.271] [main/DEBUG] [cpw.mods.modlauncher.NameMappingServiceHandler/MODLAUNCHER]: Identified name mapping providers {srg=srgtomcp:1234}
[26wrz2026 20:34:21.272] [main/DEBUG] [cpw.mods.modlauncher.TransformationServicesHandler/MODLAUNCHER]: Transformation services begin scanning
[26wrz2026 20:34:21.272] [main/DEBUG] [cpw.mods.modlauncher.TransformationServiceDecorator/MODLAUNCHER]: Beginning scan trigger - transformation service mixin
[26wrz2026 20:34:21.272] [main/DEBUG] [cpw.mods.modlauncher.TransformationServiceDecorator/MODLAUNCHER]: End scan trigger - transformation service mixin
[26wrz2026 20:34:21.272] [main/DEBUG] [cpw.mods.modlauncher.TransformationServiceDecorator/MODLAUNCHER]: Beginning scan trigger - transformation service fml
[26wrz2026 20:34:21.272] [main/DEBUG] [net.minecraftforge.fml.loading.FMLServiceProvider/CORE]: Initiating mod scan
[26wrz2026 20:34:21.286] [main/DEBUG] [net.minecraftforge.fml.loading.moddiscovery.ModListHandler/CORE]: Found mod coordinates from lists: []
[26wrz2026 20:34:21.288] [main/DEBUG] [net.minecraftforge.fml.loading.moddiscovery.ModDiscoverer/CORE]: Found Mod Locators : (mods folder:null),(maven libs:null),(exploded directory:null),(minecraft:null),(userdev classpath:null)
[26wrz2026 20:34:21.288] [main/DEBUG] [net.minecraftforge.fml.loading.moddiscovery.ModDiscoverer/CORE]: Found Dependency Locators : (JarInJar:null)
[26wrz2026 20:34:21.292] [main/DEBUG] [net.minecraftforge.fml.loading.targets.CommonLaunchHandler/CORE]: Got mod coordinates eternal_starlight%%C:\AModeFolder\eternal-starlight\build\resources\main;eternal_starlight%%C:\AModeFolder\eternal-starlight\build\classes\java\main from env
[26wrz2026 20:34:21.294] [main/DEBUG] [net.minecraftforge.fml.loading.targets.CommonLaunchHandler/CORE]: Found supplied mod coordinates [{eternal_starlight=[C:\AModeFolder\eternal-starlight\build\resources\main, C:\AModeFolder\eternal-starlight\build\classes\java\main]}]
[26wrz2026 20:34:21.465] [main/DEBUG] [net.minecraftforge.fml.loading.moddiscovery.ModFileInfo/LOADING]: Found valid mod file forge-1.20.1-47.4.13_mapped_parchment_2023.09.03-1.20.1-recomp.jar with {minecraft} mods - versions {1.20.1}
[26wrz2026 20:34:21.468] [main/DEBUG] [net.minecraftforge.fml.loading.moddiscovery.ModFileParser/LOADING]: Considering mod file candidate C:\Users\LivajQ\.gradle\caches\modules-2\files-2.1\net.minecraftforge\javafmllanguage\1.20.1-47.4.13\cf01e2179f72bd2829c65f5226d7dd0cfb6c686\javafmllanguage-1.20.1-47.4.13.jar
[26wrz2026 20:34:21.468] [main/WARN] [net.minecraftforge.fml.loading.moddiscovery.ModFileParser/LOADING]: Mod file C:\Users\LivajQ\.gradle\caches\modules-2\files-2.1\net.minecraftforge\javafmllanguage\1.20.1-47.4.13\cf01e2179f72bd2829c65f5226d7dd0cfb6c686\javafmllanguage-1.20.1-47.4.13.jar is missing mods.toml file
[26wrz2026 20:34:21.470] [main/DEBUG] [net.minecraftforge.fml.loading.moddiscovery.ModFileParser/LOADING]: Considering mod file candidate C:\Users\LivajQ\.gradle\caches\modules-2\files-2.1\net.minecraftforge\lowcodelanguage\1.20.1-47.4.13\e3f96129ea14eba84316f2d69816253e228e6e4c\lowcodelanguage-1.20.1-47.4.13.jar
[26wrz2026 20:34:21.470] [main/WARN] [net.minecraftforge.fml.loading.moddiscovery.ModFileParser/LOADING]: Mod file C:\Users\LivajQ\.gradle\caches\modules-2\files-2.1\net.minecraftforge\lowcodelanguage\1.20.1-47.4.13\e3f96129ea14eba84316f2d69816253e228e6e4c\lowcodelanguage-1.20.1-47.4.13.jar is missing mods.toml file
[26wrz2026 20:34:21.472] [main/DEBUG] [net.minecraftforge.fml.loading.moddiscovery.ModFileParser/LOADING]: Considering mod file candidate C:\Users\LivajQ\.gradle\caches\modules-2\files-2.1\net.minecraftforge\mclanguage\1.20.1-47.4.13\85796906112d9b621a7b2996f8bfda49da991ef0\mclanguage-1.20.1-47.4.13.jar
[26wrz2026 20:34:21.472] [main/WARN] [net.minecraftforge.fml.loading.moddiscovery.ModFileParser/LOADING]: Mod file C:\Users\LivajQ\.gradle\caches\modules-2\files-2.1\net.minecraftforge\mclanguage\1.20.1-47.4.13\85796906112d9b621a7b2996f8bfda49da991ef0\mclanguage-1.20.1-47.4.13.jar is missing mods.toml file
[26wrz2026 20:34:21.475] [main/DEBUG] [net.minecraftforge.fml.loading.moddiscovery.ModFileParser/LOADING]: Considering mod file candidate C:\Users\LivajQ\.gradle\caches\modules-2\files-2.1\net.minecraftforge\fmlcore\1.20.1-47.4.13\f77e3021d1eb31d61f8d1b92d18ed4fb3c2806e5\fmlcore-1.20.1-47.4.13.jar
[26wrz2026 20:34:21.475] [main/WARN] [net.minecraftforge.fml.loading.moddiscovery.ModFileParser/LOADING]: Mod file C:\Users\LivajQ\.gradle\caches\modules-2\files-2.1\net.minecraftforge\fmlcore\1.20.1-47.4.13\f77e3021d1eb31d61f8d1b92d18ed4fb3c2806e5\fmlcore-1.20.1-47.4.13.jar is missing mods.toml file
[26wrz2026 20:34:21.478] [main/DEBUG] [net.minecraftforge.fml.loading.moddiscovery.ModFileParser/LOADING]: Considering mod file candidate C:\AModeFolder\eternal-starlight\build\resources\main
[26wrz2026 20:34:21.483] [main/DEBUG] [net.minecraftforge.fml.loading.moddiscovery.ModFileInfo/LOADING]: Found valid mod file main with {eternal_starlight} mods - versions {0.7.0-b0.2}
[26wrz2026 20:34:21.484] [main/DEBUG] [net.minecraftforge.fml.loading.moddiscovery.ModFileParser/LOADING]: Considering mod file candidate /
[26wrz2026 20:34:21.486] [main/DEBUG] [net.minecraftforge.fml.loading.moddiscovery.ModFileInfo/LOADING]: Found valid mod file  with {forge} mods - versions {47.4.13}
[26wrz2026 20:34:21.495] [main/DEBUG] [net.minecraftforge.fml.loading.moddiscovery.ModFileParser/LOADING]: Considering mod file candidate C:\Users\LivajQ\.gradle\caches\forge_gradle\deobf_dependencies\curse\maven\jei-238222\7920915_mapped_parchment_2023.09.03-1.20.1\jei-238222-7920915_mapped_parchment_2023.09.03-1.20.1.jar
[26wrz2026 20:34:21.496] [main/DEBUG] [net.minecraftforge.fml.loading.moddiscovery.ModFileInfo/LOADING]: Found valid mod file jei-238222-7920915_mapped_parchment_2023.09.03-1.20.1.jar with {jei} mods - versions {15.20.0.130}
[26wrz2026 20:34:21.498] [main/DEBUG] [net.minecraftforge.fml.loading.moddiscovery.ModFileParser/LOADING]: Considering mod file candidate C:\Users\LivajQ\.gradle\caches\forge_gradle\deobf_dependencies\curse\maven\jei-238222\7920915_mapped_parchment_2023.09.03-1.20.1\jei-238222-7920915_mapped_parchment_2023.09.03-1.20.1.jar
[26wrz2026 20:34:21.499] [main/DEBUG] [net.minecraftforge.fml.loading.moddiscovery.ModFileInfo/LOADING]: Found valid mod file jei-238222-7920915_mapped_parchment_2023.09.03-1.20.1.jar with {jei} mods - versions {15.20.0.130}
[26wrz2026 20:34:21.505] [main/DEBUG] [net.minecraftforge.fml.loading.UniqueModListBuilder/]: Found 2 mods for first modid jei, selecting most recent based on version data
[26wrz2026 20:34:21.505] [main/DEBUG] [net.minecraftforge.fml.loading.UniqueModListBuilder/]: Selected file jei-238222-7920915_mapped_parchment_2023.09.03-1.20.1.jar for modid jei with version 15.20.0.130
[26wrz2026 20:34:21.509] [main/DEBUG] [net.minecraftforge.fml.loading.moddiscovery.AbstractJarFileDependencyLocator/]: Failed to load resource META-INF\jarjar\metadata.json from forge-1.20.1-47.4.13_mapped_parchment_2023.09.03-1.20.1-recomp.jar, it does not contain dependency information.
[26wrz2026 20:34:21.510] [main/DEBUG] [net.minecraftforge.fml.loading.moddiscovery.AbstractJarFileDependencyLocator/]: Failed to load resource META-INF\jarjar\metadata.json from , it does not contain dependency information.
[26wrz2026 20:34:21.510] [main/DEBUG] [net.minecraftforge.fml.loading.moddiscovery.AbstractJarFileDependencyLocator/]: Failed to load resource META-INF\jarjar\metadata.json from main, it does not contain dependency information.
[26wrz2026 20:34:21.510] [main/DEBUG] [net.minecraftforge.fml.loading.moddiscovery.AbstractJarFileDependencyLocator/]: Failed to load resource META-INF\jarjar\metadata.json from jei-238222-7920915_mapped_parchment_2023.09.03-1.20.1.jar, it does not contain dependency information.
[26wrz2026 20:34:21.510] [main/DEBUG] [net.minecraftforge.fml.loading.moddiscovery.AbstractJarFileDependencyLocator/]: Failed to load resource META-INF\jarjar\metadata.json from mclanguage-1.20.1-47.4.13.jar, it does not contain dependency information.
[26wrz2026 20:34:21.510] [main/DEBUG] [net.minecraftforge.fml.loading.moddiscovery.AbstractJarFileDependencyLocator/]: Failed to load resource META-INF\jarjar\metadata.json from javafmllanguage-1.20.1-47.4.13.jar, it does not contain dependency information.
[26wrz2026 20:34:21.510] [main/DEBUG] [net.minecraftforge.fml.loading.moddiscovery.AbstractJarFileDependencyLocator/]: Failed to load resource META-INF\jarjar\metadata.json from fmlcore-1.20.1-47.4.13.jar, it does not contain dependency information.
[26wrz2026 20:34:21.510] [main/DEBUG] [net.minecraftforge.fml.loading.moddiscovery.AbstractJarFileDependencyLocator/]: Failed to load resource META-INF\jarjar\metadata.json from lowcodelanguage-1.20.1-47.4.13.jar, it does not contain dependency information.
[26wrz2026 20:34:21.555] [main/DEBUG] [net.minecraftforge.fml.loading.moddiscovery.AbstractJarFileDependencyLocator/]: Failed to load resource META-INF\jarjar\metadata.json from MixinExtras-0.5.4.jar, it does not contain dependency information.
[26wrz2026 20:34:21.583] [main/INFO] [net.minecraftforge.fml.loading.moddiscovery.JarInJarDependencyLocator/]: Found 1 dependencies adding them to mods collection
[26wrz2026 20:34:21.585] [main/DEBUG] [net.minecraftforge.fml.loading.moddiscovery.ModFileInfo/LOADING]: Found valid mod file forge-1.20.1-47.4.13_mapped_parchment_2023.09.03-1.20.1-recomp.jar with {minecraft} mods - versions {1.20.1}
[26wrz2026 20:34:21.586] [main/DEBUG] [net.minecraftforge.fml.loading.moddiscovery.ModFile/LOADING]: Loading mod file C:\AModeFolder\eternal-starlight\build\fg_cache\net\minecraftforge\forge\1.20.1-47.4.13_mapped_parchment_2023.09.03-1.20.1\forge-1.20.1-47.4.13_mapped_parchment_2023.09.03-1.20.1-recomp.jar with languages [LanguageSpec[languageName=minecraft, acceptedVersions=1]]
[26wrz2026 20:34:21.587] [main/DEBUG] [net.minecraftforge.fml.loading.moddiscovery.ModFileParser/LOADING]: Considering mod file candidate /
[26wrz2026 20:34:21.587] [main/DEBUG] [net.minecraftforge.fml.loading.moddiscovery.ModFileInfo/LOADING]: Found valid mod file  with {forge} mods - versions {47.4.13}
[26wrz2026 20:34:21.588] [main/DEBUG] [net.minecraftforge.fml.loading.moddiscovery.ModFile/LOADING]: Loading mod file / with languages [LanguageSpec[languageName=javafml, acceptedVersions=[24,]]]
[26wrz2026 20:34:21.589] [main/DEBUG] [net.minecraftforge.fml.loading.moddiscovery.ModFileParser/LOADING]: Found coremod field_to_method with Javascript path coremods/field_to_method.js
[26wrz2026 20:34:21.589] [main/DEBUG] [net.minecraftforge.fml.loading.moddiscovery.ModFileParser/LOADING]: Found coremod field_to_instanceof with Javascript path coremods/field_to_instanceof.js
[26wrz2026 20:34:21.589] [main/DEBUG] [net.minecraftforge.fml.loading.moddiscovery.ModFileParser/LOADING]: Found coremod add_bouncer_method with Javascript path coremods/add_bouncer_method.js
[26wrz2026 20:34:21.590] [main/DEBUG] [net.minecraftforge.fml.loading.moddiscovery.ModFileParser/LOADING]: Found coremod method_redirector with Javascript path coremods/method_redirector.js
[26wrz2026 20:34:21.590] [main/DEBUG] [net.minecraftforge.fml.loading.moddiscovery.ModFile/LOADING]: Found coremod coremods/field_to_method.js
[26wrz2026 20:34:21.590] [main/DEBUG] [net.minecraftforge.fml.loading.moddiscovery.ModFile/LOADING]: Found coremod coremods/field_to_instanceof.js
[26wrz2026 20:34:21.590] [main/DEBUG] [net.minecraftforge.fml.loading.moddiscovery.ModFile/LOADING]: Found coremod coremods/add_bouncer_method.js
[26wrz2026 20:34:21.590] [main/DEBUG] [net.minecraftforge.fml.loading.moddiscovery.ModFile/LOADING]: Found coremod coremods/method_redirector.js
[26wrz2026 20:34:21.590] [main/DEBUG] [net.minecraftforge.fml.loading.moddiscovery.ModFileParser/LOADING]: Considering mod file candidate C:\AModeFolder\eternal-starlight\build\resources\main
[26wrz2026 20:34:21.591] [main/DEBUG] [net.minecraftforge.fml.loading.moddiscovery.ModFileInfo/LOADING]: Found valid mod file main with {eternal_starlight} mods - versions {0.7.0-b0.2}
[26wrz2026 20:34:21.591] [main/DEBUG] [net.minecraftforge.fml.loading.moddiscovery.ModFile/LOADING]: Loading mod file C:\AModeFolder\eternal-starlight\build\resources\main with languages [LanguageSpec[languageName=javafml, acceptedVersions=[47,)]]
[26wrz2026 20:34:21.592] [main/DEBUG] [net.minecraftforge.fml.loading.moddiscovery.ModFileParser/LOADING]: Considering mod file candidate C:\Users\LivajQ\.gradle\caches\forge_gradle\deobf_dependencies\curse\maven\jei-238222\7920915_mapped_parchment_2023.09.03-1.20.1\jei-238222-7920915_mapped_parchment_2023.09.03-1.20.1.jar
[26wrz2026 20:34:21.592] [main/DEBUG] [net.minecraftforge.fml.loading.moddiscovery.ModFileInfo/LOADING]: Found valid mod file jei-238222-7920915_mapped_parchment_2023.09.03-1.20.1.jar with {jei} mods - versions {15.20.0.130}
[26wrz2026 20:34:21.593] [main/DEBUG] [net.minecraftforge.fml.loading.moddiscovery.ModFile/LOADING]: Loading mod file C:\Users\LivajQ\.gradle\caches\forge_gradle\deobf_dependencies\curse\maven\jei-238222\7920915_mapped_parchment_2023.09.03-1.20.1\jei-238222-7920915_mapped_parchment_2023.09.03-1.20.1.jar with languages [LanguageSpec[languageName=javafml, acceptedVersions=[47,)]]
[26wrz2026 20:34:21.593] [main/DEBUG] [net.minecraftforge.fml.loading.moddiscovery.ModFile/LOADING]: Loading mod file  with languages []
[26wrz2026 20:34:21.593] [main/DEBUG] [net.minecraftforge.fml.loading.moddiscovery.ModFile/LOADING]: Loading mod file C:\Users\LivajQ\.gradle\caches\modules-2\files-2.1\io.github.llamalad7\mixinextras-forge\0.5.4\ff3cadb413a78c2b4a32a02dd1a9260f2e0b6238\mixinextras-forge-0.5.4.jar with languages []
[26wrz2026 20:34:21.593] [main/DEBUG] [net.minecraftforge.fml.loading.moddiscovery.ModFile/LOADING]: Loading mod file  with languages []
[26wrz2026 20:34:21.593] [main/DEBUG] [net.minecraftforge.fml.loading.moddiscovery.ModFile/LOADING]: Loading mod file C:\Users\LivajQ\.gradle\caches\modules-2\files-2.1\io.github.llamalad7\mixinextras-forge\0.5.4\ff3cadb413a78c2b4a32a02dd1a9260f2e0b6238\mixinextras-forge-0.5.4.jar with languages []
[26wrz2026 20:34:21.594] [main/DEBUG] [cpw.mods.modlauncher.TransformationServiceDecorator/MODLAUNCHER]: End scan trigger - transformation service fml
[26wrz2026 20:34:21.600] [main/DEBUG] [net.minecraftforge.fml.loading.LanguageLoadingProvider/CORE]: Found 3 language providers
[26wrz2026 20:34:21.601] [main/DEBUG] [net.minecraftforge.fml.loading.LanguageLoadingProvider/CORE]: Found language provider minecraft, version 1.0
[26wrz2026 20:34:21.601] [main/DEBUG] [net.minecraftforge.fml.loading.LanguageLoadingProvider/CORE]: Found language provider lowcodefml, version 47
[26wrz2026 20:34:21.601] [main/DEBUG] [net.minecraftforge.fml.loading.LanguageLoadingProvider/CORE]: Found language provider javafml, version 47
[26wrz2026 20:34:21.603] [main/DEBUG] [net.minecraftforge.fml.loading.UniqueModListBuilder/]: Found 2 mods for first modid MixinExtras, selecting most recent based on version data
[26wrz2026 20:34:21.603] [main/DEBUG] [net.minecraftforge.fml.loading.UniqueModListBuilder/]: Selected file MixinExtras-0.5.4.jar for modid MixinExtras with version 0.5.4
[26wrz2026 20:34:21.603] [main/DEBUG] [net.minecraftforge.fml.loading.UniqueModListBuilder/]: Found 2 mods for first modid mixinextras, selecting most recent based on version data
[26wrz2026 20:34:21.604] [main/DEBUG] [net.minecraftforge.fml.loading.UniqueModListBuilder/]: Selected file mixinextras-forge-0.5.4.jar for modid mixinextras with version 0.5.4
[26wrz2026 20:34:21.606] [main/DEBUG] [net.minecraftforge.fml.loading.ModSorter/]: Configured system mods: [minecraft, forge]
[26wrz2026 20:34:21.606] [main/DEBUG] [net.minecraftforge.fml.loading.ModSorter/]: Found system mod: minecraft
[26wrz2026 20:34:21.606] [main/DEBUG] [net.minecraftforge.fml.loading.ModSorter/]: Found system mod: forge
[26wrz2026 20:34:21.607] [main/DEBUG] [net.minecraftforge.fml.loading.ModSorter/LOADING]: Found 5 mod requirements (4 mandatory, 1 optional)
[26wrz2026 20:34:21.608] [main/DEBUG] [net.minecraftforge.fml.loading.ModSorter/LOADING]: Found 0 mod requirements missing (0 mandatory, 0 optional)
[26wrz2026 20:34:21.912] [main/DEBUG] [net.minecraftforge.fml.loading.MCPNamingService/CORE]: Loaded 34318 method mappings from methods.csv
[26wrz2026 20:34:21.933] [main/DEBUG] [net.minecraftforge.fml.loading.MCPNamingService/CORE]: Loaded 31014 field mappings from fields.csv
[26wrz2026 20:34:21.975] [main/DEBUG] [cpw.mods.modlauncher.TransformationServicesHandler/MODLAUNCHER]: Transformation services loading transformers
[26wrz2026 20:34:21.976] [main/DEBUG] [cpw.mods.modlauncher.TransformationServiceDecorator/MODLAUNCHER]: Initializing transformers for transformation service mixin
[26wrz2026 20:34:21.976] [main/DEBUG] [cpw.mods.modlauncher.TransformationServiceDecorator/MODLAUNCHER]: Initialized transformers for transformation service mixin
[26wrz2026 20:34:21.976] [main/DEBUG] [cpw.mods.modlauncher.TransformationServiceDecorator/MODLAUNCHER]: Initializing transformers for transformation service fml
[26wrz2026 20:34:21.976] [main/DEBUG] [net.minecraftforge.fml.loading.FMLServiceProvider/CORE]: Loading coremod transformers
[26wrz2026 20:34:21.976] [main/DEBUG] [net.minecraftforge.coremod.CoreModEngine/COREMOD]: Loading CoreMod from coremods/field_to_method.js
[26wrz2026 20:34:22.098] [main/DEBUG] [net.minecraftforge.coremod.CoreModEngine/COREMOD]: CoreMod loaded successfully
[26wrz2026 20:34:22.099] [main/DEBUG] [net.minecraftforge.coremod.CoreModEngine/COREMOD]: Loading CoreMod from coremods/field_to_instanceof.js
[26wrz2026 20:34:22.140] [main/DEBUG] [net.minecraftforge.coremod.CoreModEngine/COREMOD]: CoreMod loaded successfully
[26wrz2026 20:34:22.140] [main/DEBUG] [net.minecraftforge.coremod.CoreModEngine/COREMOD]: Loading CoreMod from coremods/add_bouncer_method.js
[26wrz2026 20:34:22.162] [main/DEBUG] [net.minecraftforge.coremod.CoreModEngine/COREMOD]: CoreMod loaded successfully
[26wrz2026 20:34:22.162] [main/DEBUG] [net.minecraftforge.coremod.CoreModEngine/COREMOD]: Loading CoreMod from coremods/method_redirector.js
[26wrz2026 20:34:22.203] [main/DEBUG] [net.minecraftforge.coremod.CoreModEngine/COREMOD]: CoreMod loaded successfully
[26wrz2026 20:34:22.213] [main/DEBUG] [cpw.mods.modlauncher.TransformStore/MODLAUNCHER]: Adding transformer net.minecraftforge.coremod.transformer.CoreModClassTransformer@66236a0a to Target : CLASS {Lnet/minecraft/world/level/biome/Biome;} {} {V}
[26wrz2026 20:34:22.214] [main/DEBUG] [cpw.mods.modlauncher.TransformStore/MODLAUNCHER]: Adding transformer net.minecraftforge.coremod.transformer.CoreModClassTransformer@44a085e5 to Target : CLASS {Lnet/minecraft/world/level/levelgen/structure/Structure;} {} {V}
[26wrz2026 20:34:22.214] [main/DEBUG] [cpw.mods.modlauncher.TransformStore/MODLAUNCHER]: Adding transformer net.minecraftforge.coremod.transformer.CoreModClassTransformer@134ff8f8 to Target : CLASS {Lnet/minecraft/world/effect/MobEffectInstance;} {} {V}
[26wrz2026 20:34:22.215] [main/DEBUG] [cpw.mods.modlauncher.TransformStore/MODLAUNCHER]: Adding transformer net.minecraftforge.coremod.transformer.CoreModClassTransformer@619f2afc to Target : CLASS {Lnet/minecraft/world/level/block/LiquidBlock;} {} {V}
[26wrz2026 20:34:22.215] [main/DEBUG] [cpw.mods.modlauncher.TransformStore/MODLAUNCHER]: Adding transformer net.minecraftforge.coremod.transformer.CoreModClassTransformer@df921b1 to Target : CLASS {Lnet/minecraft/world/item/BucketItem;} {} {V}
[26wrz2026 20:34:22.215] [main/DEBUG] [cpw.mods.modlauncher.TransformStore/MODLAUNCHER]: Adding transformer net.minecraftforge.coremod.transformer.CoreModClassTransformer@4db60246 to Target : CLASS {Lnet/minecraft/world/level/block/StairBlock;} {} {V}
[26wrz2026 20:34:22.215] [main/DEBUG] [cpw.mods.modlauncher.TransformStore/MODLAUNCHER]: Adding transformer net.minecraftforge.coremod.transformer.CoreModClassTransformer@2152ab30 to Target : CLASS {Lnet/minecraft/world/level/block/FlowerPotBlock;} {} {V}
[26wrz2026 20:34:22.215] [main/DEBUG] [cpw.mods.modlauncher.TransformStore/MODLAUNCHER]: Adding transformer net.minecraftforge.coremod.transformer.CoreModClassTransformer@3902bd2c to Target : CLASS {Lnet/minecraft/world/item/ItemStack;} {} {V}
[26wrz2026 20:34:22.215] [main/DEBUG] [cpw.mods.modlauncher.TransformStore/MODLAUNCHER]: Adding transformer net.minecraftforge.coremod.transformer.CoreModClassTransformer@7d32e714 to Target : CLASS {Lnet/minecraft/network/play/client/CClientSettingsPacket;} {} {V}
[26wrz2026 20:34:22.215] [main/DEBUG] [cpw.mods.modlauncher.TransformStore/MODLAUNCHER]: Adding transformer net.minecraftforge.coremod.transformer.CoreModClassTransformer@eb6ec6 to Target : CLASS {Lnet/minecraft/world/level/levelgen/structure/templatesystem/StructureTemplate;} {} {V}
[26wrz2026 20:34:22.215] [main/DEBUG] [cpw.mods.modlauncher.TransformStore/MODLAUNCHER]: Adding transformer net.minecraftforge.coremod.transformer.CoreModClassTransformer@eb6ec6 to Target : CLASS {Lnet/minecraft/world/level/levelgen/structure/structures/WoodlandMansionPieces$WoodlandMansionPiece;} {} {V}
[26wrz2026 20:34:22.216] [main/DEBUG] [cpw.mods.modlauncher.TransformStore/MODLAUNCHER]: Adding transformer net.minecraftforge.coremod.transformer.CoreModClassTransformer@eb6ec6 to Target : CLASS {Lnet/minecraft/world/entity/monster/Strider;} {} {V}
[26wrz2026 20:34:22.216] [main/DEBUG] [cpw.mods.modlauncher.TransformStore/MODLAUNCHER]: Adding transformer net.minecraftforge.coremod.transformer.CoreModClassTransformer@eb6ec6 to Target : CLASS {Lnet/minecraft/world/level/NaturalSpawner;} {} {V}
[26wrz2026 20:34:22.216] [main/DEBUG] [cpw.mods.modlauncher.TransformStore/MODLAUNCHER]: Adding transformer net.minecraftforge.coremod.transformer.CoreModClassTransformer@eb6ec6 to Target : CLASS {Lnet/minecraft/world/level/levelgen/PatrolSpawner;} {} {V}
[26wrz2026 20:34:22.216] [main/DEBUG] [cpw.mods.modlauncher.TransformStore/MODLAUNCHER]: Adding transformer net.minecraftforge.coremod.transformer.CoreModClassTransformer@eb6ec6 to Target : CLASS {Lnet/minecraft/world/level/levelgen/structure/structures/OceanMonumentPieces$OceanMonumentPiece;} {} {V}
[26wrz2026 20:34:22.216] [main/DEBUG] [cpw.mods.modlauncher.TransformStore/MODLAUNCHER]: Adding transformer net.minecraftforge.coremod.transformer.CoreModClassTransformer@eb6ec6 to Target : CLASS {Lnet/minecraft/world/entity/ai/village/VillageSiege;} {} {V}
[26wrz2026 20:34:22.216] [main/DEBUG] [cpw.mods.modlauncher.TransformStore/MODLAUNCHER]: Adding transformer net.minecraftforge.coremod.transformer.CoreModClassTransformer@eb6ec6 to Target : CLASS {Lnet/minecraft/world/entity/animal/horse/SkeletonTrapGoal;} {} {V}
[26wrz2026 20:34:22.216] [main/DEBUG] [cpw.mods.modlauncher.TransformStore/MODLAUNCHER]: Adding transformer net.minecraftforge.coremod.transformer.CoreModClassTransformer@eb6ec6 to Target : CLASS {Lnet/minecraft/world/entity/raid/Raid;} {} {V}
[26wrz2026 20:34:22.217] [main/DEBUG] [cpw.mods.modlauncher.TransformStore/MODLAUNCHER]: Adding transformer net.minecraftforge.coremod.transformer.CoreModClassTransformer@eb6ec6 to Target : CLASS {Lnet/minecraft/server/commands/RaidCommand;} {} {V}
[26wrz2026 20:34:22.217] [main/DEBUG] [cpw.mods.modlauncher.TransformStore/MODLAUNCHER]: Adding transformer net.minecraftforge.coremod.transformer.CoreModClassTransformer@eb6ec6 to Target : CLASS {Lnet/minecraft/world/entity/npc/CatSpawner;} {} {V}
[26wrz2026 20:34:22.217] [main/DEBUG] [cpw.mods.modlauncher.TransformStore/MODLAUNCHER]: Adding transformer net.minecraftforge.coremod.transformer.CoreModClassTransformer@eb6ec6 to Target : CLASS {Lnet/minecraft/world/entity/monster/Spider;} {} {V}
[26wrz2026 20:34:22.217] [main/DEBUG] [cpw.mods.modlauncher.TransformStore/MODLAUNCHER]: Adding transformer net.minecraftforge.coremod.transformer.CoreModClassTransformer@eb6ec6 to Target : CLASS {Lnet/minecraft/world/entity/monster/Zombie;} {} {V}
[26wrz2026 20:34:22.217] [main/DEBUG] [cpw.mods.modlauncher.TransformStore/MODLAUNCHER]: Adding transformer net.minecraftforge.coremod.transformer.CoreModClassTransformer@eb6ec6 to Target : CLASS {Lnet/minecraft/world/level/levelgen/structure/structures/SwampHutPiece;} {} {V}
[26wrz2026 20:34:22.217] [main/DEBUG] [cpw.mods.modlauncher.TransformStore/MODLAUNCHER]: Adding transformer net.minecraftforge.coremod.transformer.CoreModClassTransformer@eb6ec6 to Target : CLASS {Lnet/minecraft/world/entity/EntityType;} {} {V}
[26wrz2026 20:34:22.217] [main/DEBUG] [cpw.mods.modlauncher.TransformStore/MODLAUNCHER]: Adding transformer net.minecraftforge.coremod.transformer.CoreModClassTransformer@eb6ec6 to Target : CLASS {Lnet/minecraft/world/level/levelgen/PhantomSpawner;} {} {V}
[26wrz2026 20:34:22.217] [main/DEBUG] [cpw.mods.modlauncher.TransformStore/MODLAUNCHER]: Adding transformer net.minecraftforge.coremod.transformer.CoreModClassTransformer@eb6ec6 to Target : CLASS {Lnet/minecraft/world/entity/npc/Villager;} {} {V}
[26wrz2026 20:34:22.217] [main/DEBUG] [cpw.mods.modlauncher.TransformStore/MODLAUNCHER]: Adding transformer net.minecraftforge.coremod.transformer.CoreModClassTransformer@eb6ec6 to Target : CLASS {Lnet/minecraft/server/commands/SummonCommand;} {} {V}
[26wrz2026 20:34:22.217] [main/DEBUG] [cpw.mods.modlauncher.TransformStore/MODLAUNCHER]: Adding transformer net.minecraftforge.coremod.transformer.CoreModClassTransformer@eb6ec6 to Target : CLASS {Lnet/minecraft/world/entity/monster/ZombieVillager;} {} {V}
[26wrz2026 20:34:22.217] [main/DEBUG] [cpw.mods.modlauncher.TransformStore/MODLAUNCHER]: Adding transformer net.minecraftforge.coremod.transformer.CoreModClassTransformer@eb6ec6 to Target : CLASS {Lnet/minecraft/world/entity/animal/frog/Tadpole;} {} {V}
[26wrz2026 20:34:22.218] [main/DEBUG] [cpw.mods.modlauncher.TransformStore/MODLAUNCHER]: Adding transformer net.minecraftforge.coremod.transformer.CoreModClassTransformer@eb6ec6 to Target : CLASS {Lnet/minecraft/world/entity/monster/Evoker$EvokerSummonSpellGoal;} {} {V}
[26wrz2026 20:34:22.218] [main/DEBUG] [cpw.mods.modlauncher.TransformStore/MODLAUNCHER]: Adding transformer net.minecraftforge.coremod.transformer.CoreModClassTransformer@eb6ec6 to Target : CLASS {Lnet/minecraft/world/level/levelgen/structure/structures/OceanRuinPieces$OceanRuinPiece;} {} {V}
[26wrz2026 20:34:22.218] [main/DEBUG] [cpw.mods.modlauncher.TransformationServiceDecorator/MODLAUNCHER]: Initialized transformers for transformation service fml
[26wrz2026 20:34:24.062] [main/DEBUG] [mixin/]: Processing prepare() for PlatformAgent[MixinPlatformAgentDefault:ModLauncher Root Container(ModLauncher:4f56a0a2)]
[26wrz2026 20:34:24.062] [main/DEBUG] [mixin/]: Registering mixin config: mixins.eternal_starlight.json
[26wrz2026 20:34:24.074] [main/DEBUG] [mixin/]: Compatibility level JAVA_17 specified by mixins.eternal_starlight.json is higher than the maximum level supported by this version of mixin (JAVA_13).
[26wrz2026 20:34:24.076] [main/INFO] [mixin/]: Compatibility level set to JAVA_17
[26wrz2026 20:34:24.077] [main/DEBUG] [mixin/]: Processing launch tasks for PlatformAgent[MixinPlatformAgentDefault:ModLauncher Root Container(ModLauncher:4f56a0a2)]
[26wrz2026 20:34:24.077] [main/DEBUG] [mixin/]: Adding mixin platform agents for container SecureJarResource(minecraft)
[26wrz2026 20:34:24.077] [main/DEBUG] [mixin/]: Instancing new MixinPlatformAgentMinecraftForge for SecureJarResource(minecraft)
[26wrz2026 20:34:24.077] [main/DEBUG] [mixin/]: MixinPlatformAgentMinecraftForge rejected container SecureJarResource(minecraft)
[26wrz2026 20:34:24.077] [main/DEBUG] [mixin/]: Instancing new MixinPlatformAgentDefault for SecureJarResource(minecraft)
[26wrz2026 20:34:24.077] [main/DEBUG] [mixin/]: MixinPlatformAgentDefault accepted container SecureJarResource(minecraft)
[26wrz2026 20:34:24.077] [main/DEBUG] [mixin/]: Processing prepare() for PlatformAgent[MixinPlatformAgentDefault:SecureJarResource(minecraft)]
[26wrz2026 20:34:24.077] [main/DEBUG] [mixin/]: Adding mixin platform agents for container SecureJarResource(forge)
[26wrz2026 20:34:24.078] [main/DEBUG] [mixin/]: Instancing new MixinPlatformAgentMinecraftForge for SecureJarResource(forge)
[26wrz2026 20:34:24.078] [main/DEBUG] [mixin/]: MixinPlatformAgentMinecraftForge rejected container SecureJarResource(forge)
[26wrz2026 20:34:24.078] [main/DEBUG] [mixin/]: Instancing new MixinPlatformAgentDefault for SecureJarResource(forge)
[26wrz2026 20:34:24.078] [main/DEBUG] [mixin/]: MixinPlatformAgentDefault accepted container SecureJarResource(forge)
[26wrz2026 20:34:24.078] [main/DEBUG] [mixin/]: Processing prepare() for PlatformAgent[MixinPlatformAgentDefault:SecureJarResource(forge)]
[26wrz2026 20:34:24.078] [main/DEBUG] [mixin/]: Adding mixin platform agents for container SecureJarResource(eternal_starlight)
[26wrz2026 20:34:24.078] [main/DEBUG] [mixin/]: Instancing new MixinPlatformAgentMinecraftForge for SecureJarResource(eternal_starlight)
[26wrz2026 20:34:24.078] [main/DEBUG] [mixin/]: MixinPlatformAgentMinecraftForge rejected container SecureJarResource(eternal_starlight)
[26wrz2026 20:34:24.078] [main/DEBUG] [mixin/]: Instancing new MixinPlatformAgentDefault for SecureJarResource(eternal_starlight)
[26wrz2026 20:34:24.078] [main/DEBUG] [mixin/]: MixinPlatformAgentDefault accepted container SecureJarResource(eternal_starlight)
[26wrz2026 20:34:24.078] [main/DEBUG] [mixin/]: Processing prepare() for PlatformAgent[MixinPlatformAgentDefault:SecureJarResource(eternal_starlight)]
[26wrz2026 20:34:24.078] [main/DEBUG] [mixin/]: Adding mixin platform agents for container SecureJarResource(jei)
[26wrz2026 20:34:24.078] [main/DEBUG] [mixin/]: Instancing new MixinPlatformAgentMinecraftForge for SecureJarResource(jei)
[26wrz2026 20:34:24.078] [main/DEBUG] [mixin/]: MixinPlatformAgentMinecraftForge rejected container SecureJarResource(jei)
[26wrz2026 20:34:24.079] [main/DEBUG] [mixin/]: Instancing new MixinPlatformAgentDefault for SecureJarResource(jei)
[26wrz2026 20:34:24.079] [main/DEBUG] [mixin/]: MixinPlatformAgentDefault accepted container SecureJarResource(jei)
[26wrz2026 20:34:24.079] [main/DEBUG] [mixin/]: Processing prepare() for PlatformAgent[MixinPlatformAgentDefault:SecureJarResource(jei)]
[26wrz2026 20:34:24.079] [main/DEBUG] [mixin/]: Adding mixin platform agents for container SecureJarResource(MixinExtras)
[26wrz2026 20:34:24.079] [main/DEBUG] [mixin/]: Instancing new MixinPlatformAgentMinecraftForge for SecureJarResource(MixinExtras)
[26wrz2026 20:34:24.079] [main/DEBUG] [mixin/]: MixinPlatformAgentMinecraftForge rejected container SecureJarResource(MixinExtras)
[26wrz2026 20:34:24.079] [main/DEBUG] [mixin/]: Instancing new MixinPlatformAgentDefault for SecureJarResource(MixinExtras)
[26wrz2026 20:34:24.079] [main/DEBUG] [mixin/]: MixinPlatformAgentDefault accepted container SecureJarResource(MixinExtras)
[26wrz2026 20:34:24.079] [main/DEBUG] [mixin/]: Processing prepare() for PlatformAgent[MixinPlatformAgentDefault:SecureJarResource(MixinExtras)]
[26wrz2026 20:34:24.079] [main/DEBUG] [mixin/]: Adding mixin platform agents for container SecureJarResource(mixinextras)
[26wrz2026 20:34:24.079] [main/DEBUG] [mixin/]: Instancing new MixinPlatformAgentMinecraftForge for SecureJarResource(mixinextras)
[26wrz2026 20:34:24.079] [main/DEBUG] [mixin/]: MixinPlatformAgentMinecraftForge rejected container SecureJarResource(mixinextras)
[26wrz2026 20:34:24.079] [main/DEBUG] [mixin/]: Instancing new MixinPlatformAgentDefault for SecureJarResource(mixinextras)
[26wrz2026 20:34:24.079] [main/DEBUG] [mixin/]: MixinPlatformAgentDefault accepted container SecureJarResource(mixinextras)
[26wrz2026 20:34:24.079] [main/DEBUG] [mixin/]: Processing prepare() for PlatformAgent[MixinPlatformAgentDefault:SecureJarResource(mixinextras)]
[26wrz2026 20:34:24.079] [main/DEBUG] [mixin/]: Registering mixin config: mixinextras.init.mixins.json
[26wrz2026 20:34:24.080] [main/DEBUG] [mixin/]: inject() running with 7 agents
[26wrz2026 20:34:24.080] [main/DEBUG] [mixin/]: Processing inject() for PlatformAgent[MixinPlatformAgentDefault:ModLauncher Root Container(ModLauncher:4f56a0a2)]
[26wrz2026 20:34:24.081] [main/DEBUG] [mixin/]: Processing inject() for PlatformAgent[MixinPlatformAgentDefault:SecureJarResource(minecraft)]
[26wrz2026 20:34:24.081] [main/DEBUG] [mixin/]: Processing inject() for PlatformAgent[MixinPlatformAgentDefault:SecureJarResource(forge)]
[26wrz2026 20:34:24.081] [main/DEBUG] [mixin/]: Processing inject() for PlatformAgent[MixinPlatformAgentDefault:SecureJarResource(eternal_starlight)]
[26wrz2026 20:34:24.081] [main/DEBUG] [mixin/]: Processing inject() for PlatformAgent[MixinPlatformAgentDefault:SecureJarResource(jei)]
[26wrz2026 20:34:24.081] [main/DEBUG] [mixin/]: Processing inject() for PlatformAgent[MixinPlatformAgentDefault:SecureJarResource(MixinExtras)]
[26wrz2026 20:34:24.081] [main/DEBUG] [mixin/]: Processing inject() for PlatformAgent[MixinPlatformAgentDefault:SecureJarResource(mixinextras)]
[26wrz2026 20:34:24.081] [main/INFO] [cpw.mods.modlauncher.LaunchServiceHandler/MODLAUNCHER]: Launching target 'forgedatauserdev' with arguments [--gameDir, ., --assetsDir, C:\Users\LivajQ\.gradle\caches\forge_gradle\assets, --assetIndex, 5, --mod, eternal_starlight, --all, --output, C:\AModeFolder\eternal-starlight\src\generated\resources, --existing, C:\AModeFolder\eternal-starlight\src\main\resources]
[26wrz2026 20:34:24.147] [main/DEBUG] [mixin/]: Error cleaning class output directory: .mixin.out
[26wrz2026 20:34:24.148] [main/DEBUG] [mixin/]: Preparing mixins for MixinEnvironment[DEFAULT]
[26wrz2026 20:34:24.148] [main/DEBUG] [mixin/]: Selecting config mixins.eternal_starlight.json
[26wrz2026 20:34:24.150] [main/WARN] [mixin/]: Reference map 'eternal_starlight.refmap.json' for mixins.eternal_starlight.json could not be read. If this is a development environment you can ignore this message
[26wrz2026 20:34:24.151] [main/DEBUG] [mixin/]: Selecting config mixinextras.init.mixins.json
[26wrz2026 20:34:24.192] [main/DEBUG] [MixinExtras|Service/]: com.llamalad7.mixinextras.service.MixinExtrasServiceImpl(version=0.5.4) is taking over from null
[26wrz2026 20:34:24.218] [main/DEBUG] [mixin/]: Registering new injector for @Inject with org.spongepowered.asm.mixin.injection.struct.CallbackInjectionInfo
[26wrz2026 20:34:24.219] [main/DEBUG] [mixin/]: Registering new injector for @ModifyArg with org.spongepowered.asm.mixin.injection.struct.ModifyArgInjectionInfo
[26wrz2026 20:34:24.219] [main/DEBUG] [mixin/]: Registering new injector for @ModifyArgs with org.spongepowered.asm.mixin.injection.struct.ModifyArgsInjectionInfo
[26wrz2026 20:34:24.220] [main/DEBUG] [mixin/]: Registering new injector for @Redirect with org.spongepowered.asm.mixin.injection.struct.RedirectInjectionInfo
[26wrz2026 20:34:24.221] [main/DEBUG] [mixin/]: Registering new injector for @ModifyVariable with org.spongepowered.asm.mixin.injection.struct.ModifyVariableInjectionInfo
[26wrz2026 20:34:24.222] [main/DEBUG] [mixin/]: Registering new injector for @ModifyConstant with org.spongepowered.asm.mixin.injection.struct.ModifyConstantInjectionInfo
[26wrz2026 20:34:24.230] [main/DEBUG] [mixin/]: Preparing mixins.eternal_starlight.json (69)
[26wrz2026 20:34:24.329] [main/DEBUG] [net.minecraftforge.coremod.transformer.CoreModBaseTransformer/COREMOD]: Transforming net/minecraft/world/item/ItemStack
[26wrz2026 20:34:24.355] [main/DEBUG] [net.minecraftforge.coremod.transformer.CoreModBaseTransformer/COREMOD]: Transforming net/minecraft/world/level/NaturalSpawner
[26wrz2026 20:34:24.565] [main/DEBUG] [mixin/]: Preparing mixinextras.init.mixins.json (0)
[26wrz2026 20:34:24.594] [main/DEBUG] [mixin/]: Prepared 69 mixins in 0,445 sec (6,4ms avg) (0ms load, 0ms transform, 0ms plugin)
[26wrz2026 20:34:24.690] [main/DEBUG] [io.netty.util.internal.logging.InternalLoggerFactory/]: Using SLF4J as the default logging framework
[26wrz2026 20:34:24.693] [main/DEBUG] [io.netty.util.ResourceLeakDetector/]: -Dio.netty.leakDetection.level: simple
[26wrz2026 20:34:24.693] [main/DEBUG] [io.netty.util.ResourceLeakDetector/]: -Dio.netty.leakDetection.targetRecords: 4
[26wrz2026 20:34:24.816] [main/INFO] [net.minecraftforge.data.loading.DatagenModLoader/]: Initializing Data Gatherer for mods [eternal_starlight]
[26wrz2026 20:34:24.892] [main/INFO] [MixinExtras|Service/]: Initializing MixinExtras via com.llamalad7.mixinextras.service.MixinExtrasServiceImpl(version=0.5.4).
[26wrz2026 20:34:24.893] [main/DEBUG] [mixin/]: Registering new injector for @SugarWrapper with com.llamalad7.mixinextras.sugar.impl.SugarWrapperInjectionInfo
[26wrz2026 20:34:24.894] [main/DEBUG] [mixin/]: Registering new injector for @FactoryRedirectWrapper with com.llamalad7.mixinextras.wrapper.factory.FactoryRedirectWrapperInjectionInfo
[26wrz2026 20:34:24.894] [main/DEBUG] [mixin/]: Registering new injector for @ExpressionInjectorWrapper with com.llamalad7.mixinextras.expression.impl.wrapper.ExpressionInjectorWrapperInjectionInfo
[26wrz2026 20:34:24.902] [main/DEBUG] [mixin/]: Mixing BlockStateBaseMixin from mixins.eternal_starlight.json into net.minecraft.world.level.block.state.BlockBehaviour$BlockStateBase
[26wrz2026 20:34:24.966] [main/DEBUG] [mixin/]: Mixing EntityMixin from mixins.eternal_starlight.json into net.minecraft.world.entity.Entity
[26wrz2026 20:34:25.092] [main/DEBUG] [mixin/]: Mixing LivingEntityMixin from mixins.eternal_starlight.json into net.minecraft.world.entity.LivingEntity
[26wrz2026 20:34:25.158] [main/DEBUG] [net.minecraftforge.coremod.transformer.CoreModBaseTransformer/COREMOD]: Transforming net/minecraft/world/effect/MobEffectInstance
[26wrz2026 20:34:25.209] [main/DEBUG] [net.minecraftforge.coremod.transformer.CoreModBaseTransformer/COREMOD]: Transforming net/minecraft/world/entity/EntityType
[26wrz2026 20:34:25.369] [main/DEBUG] [mixin/]: Mixing ServerLevelMixin from mixins.eternal_starlight.json into net.minecraft.server.level.ServerLevel
[26wrz2026 20:34:25.370] [main/DEBUG] [mixin/]: Renaming synthetic method lambda$afterPrecipitationTick$0(Lnet/minecraft/world/level/chunk/LevelChunk;Lnet/minecraft/server/level/ServerLevel;Lcn/leolezury/eternalstarlight/common/weather/WeatherInstance;)V to md3e7f34$lambda$afterPrecipitationTick$0$0 in mixins.eternal_starlight.json:ServerLevelMixin
[26wrz2026 20:34:25.385] [main/DEBUG] [mixin/]: Mixing ItemEntityMixin from mixins.eternal_starlight.json into net.minecraft.world.entity.item.ItemEntity
[26wrz2026 20:34:25.402] [main/DEBUG] [mixin/]: Mixing PlayerMixin from mixins.eternal_starlight.json into net.minecraft.world.entity.player.Player
[26wrz2026 20:34:25.403] [main/DEBUG] [mixin/]: Renaming synthetic method lambda$damageShield$0(Lnet/minecraft/world/entity/player/Player;Lnet/minecraft/world/entity/player/Player;)V to md3e7f34$lambda$damageShield$0$0 in mixins.eternal_starlight.json:PlayerMixin
[26wrz2026 20:34:25.460] [main/DEBUG] [mixin/]: Mixing ItemMixin from mixins.eternal_starlight.json into net.minecraft.world.item.Item
[26wrz2026 20:34:25.477] [main/DEBUG] [net.minecraftforge.coremod.transformer.CoreModBaseTransformer/COREMOD]: Transforming net/minecraft/world/entity/EntityType
[26wrz2026 20:34:25.551] [main/DEBUG] [mixin/]: Mixing FireBlockMixin from mixins.eternal_starlight.json into net.minecraft.world.level.block.FireBlock
[26wrz2026 20:34:25.551] [main/DEBUG] [mixin/]: Renaming synthetic method lambda$getIgniteOdds$1(Lorg/spongepowered/asm/mixin/injection/callback/CallbackInfoReturnable;Lnet/minecraft/world/level/block/state/BlockState;Lcn/leolezury/eternalstarlight/common/block/flammable/ESFlammabilityRegistry$Flammability;)V to md3e7f34$lambda$getIgniteOdds$1$0 in mixins.eternal_starlight.json:FireBlockMixin
[26wrz2026 20:34:25.551] [main/DEBUG] [mixin/]: Renaming synthetic method lambda$getBurnOdds$0(Lorg/spongepowered/asm/mixin/injection/callback/CallbackInfoReturnable;Lnet/minecraft/world/level/block/state/BlockState;Lcn/leolezury/eternalstarlight/common/block/flammable/ESFlammabilityRegistry$Flammability;)V to md3e7f34$lambda$getBurnOdds$0$1 in mixins.eternal_starlight.json:FireBlockMixin
[26wrz2026 20:34:25.564] [main/DEBUG] [mixin/]: Mixing BaseFireBlockMixin from mixins.eternal_starlight.json into net.minecraft.world.level.block.BaseFireBlock
[26wrz2026 20:34:25.674] [main/DEBUG] [net.minecraftforge.coremod.transformer.CoreModBaseTransformer/COREMOD]: Transforming net/minecraft/world/level/block/LiquidBlock
[26wrz2026 20:34:25.696] [main/DEBUG] [mixin/]: Mixing TntBlockMixin from mixins.eternal_starlight.json into net.minecraft.world.level.block.TntBlock
[26wrz2026 20:34:25.707] [main/DEBUG] [net.minecraftforge.coremod.transformer.CoreModBaseTransformer/COREMOD]: Transforming net/minecraft/world/level/block/StairBlock
[26wrz2026 20:34:25.714] [main/DEBUG] [mixin/]: Mixing CropBlockMixin from mixins.eternal_starlight.json into net.minecraft.world.level.block.CropBlock
[26wrz2026 20:34:25.719] [main/DEBUG] [mixin/]: Mixing FarmBlockMixin from mixins.eternal_starlight.json into net.minecraft.world.level.block.FarmBlock
[26wrz2026 20:34:25.724] [main/DEBUG] [mixin/]: Mixing SignBlockMixin from mixins.eternal_starlight.json into net.minecraft.world.level.block.SignBlock
[26wrz2026 20:34:25.734] [main/DEBUG] [mixin/]: Mixing CeilingHangingSignBlockMixin from mixins.eternal_starlight.json into net.minecraft.world.level.block.CeilingHangingSignBlock
[26wrz2026 20:34:25.738] [main/DEBUG] [mixin/]: Mixing WallHangingSignBlockMixin from mixins.eternal_starlight.json into net.minecraft.world.level.block.WallHangingSignBlock
[26wrz2026 20:34:25.746] [main/DEBUG] [mixin/]: Mixing IceBlockMixin from mixins.eternal_starlight.json into net.minecraft.world.level.block.IceBlock
[26wrz2026 20:34:25.775] [main/DEBUG] [net.minecraftforge.coremod.transformer.CoreModBaseTransformer/COREMOD]: Transforming net/minecraft/world/level/block/FlowerPotBlock
[26wrz2026 20:34:25.780] [main/DEBUG] [mixin/]: Mixing AbstractSkullBlockMixin from mixins.eternal_starlight.json into net.minecraft.world.level.block.AbstractSkullBlock
[26wrz2026 20:34:25.798] [main/DEBUG] [mixin/]: Mixing DirtPathBlockMixin from mixins.eternal_starlight.json into net.minecraft.world.level.block.DirtPathBlock
[26wrz2026 20:34:25.801] [main/DEBUG] [mixin/]: Mixing FrostedIceBlockMixin from mixins.eternal_starlight.json into net.minecraft.world.level.block.FrostedIceBlock
[26wrz2026 20:34:25.810] [main/DEBUG] [mixin/]: Mixing CoralBlockMixin from mixins.eternal_starlight.json into net.minecraft.world.level.block.CoralBlock
[26wrz2026 20:34:25.819] [main/DEBUG] [mixin/]: Mixing BubbleColumnBlockMixin from mixins.eternal_starlight.json into net.minecraft.world.level.block.BubbleColumnBlock
[26wrz2026 20:34:26.201] [main/DEBUG] [mixin/]: Mixing AbstractArrowAccessor from mixins.eternal_starlight.json into net.minecraft.world.entity.projectile.AbstractArrow
[26wrz2026 20:34:26.204] [main/DEBUG] [mixin/]: Mixing AbstractArrowMixin from mixins.eternal_starlight.json into net.minecraft.world.entity.projectile.AbstractArrow
[26wrz2026 20:34:26.209] [main/DEBUG] [mixin/]: Mixing ProjectileMixin from mixins.eternal_starlight.json into net.minecraft.world.entity.projectile.Projectile
[26wrz2026 20:34:26.270] [main/DEBUG] [net.minecraftforge.coremod.transformer.CoreModBaseTransformer/COREMOD]: Transforming net/minecraft/world/item/ItemStack
[26wrz2026 20:34:26.271] [main/DEBUG] [mixin/]: Mixing ItemStackMixin from mixins.eternal_starlight.json into net.minecraft.world.item.ItemStack
[26wrz2026 20:34:26.529] [main/DEBUG] [mixin/]: Mixing StructureBlockEntityMixin from mixins.eternal_starlight.json into net.minecraft.world.level.block.entity.StructureBlockEntity
[26wrz2026 20:34:26.529] [main/DEBUG] [mixin/]: Renaming synthetic method lambda$getRelatedCorners$0(Lnet/minecraft/world/level/Level;Lnet/minecraft/world/level/block/entity/StructureBlockEntity;Ljava/util/List;Lnet/minecraft/core/BlockPos;)Z to md3e7f34$lambda$getRelatedCorners$0$0 in mixins.eternal_starlight.json:StructureBlockEntityMixin
[26wrz2026 20:34:26.638] [main/DEBUG] [net.minecraftforge.coremod.transformer.CoreModBaseTransformer/COREMOD]: Transforming net/minecraft/world/entity/animal/frog/Tadpole
[26wrz2026 20:34:26.658] [main/DEBUG] [mixin/]: Mixing ProjectileWeaponItemMixin from mixins.eternal_starlight.json into net.minecraft.world.item.ProjectileWeaponItem
[26wrz2026 20:34:26.663] [main/DEBUG] [mixin/]: Mixing DiggerItemMixin from mixins.eternal_starlight.json into net.minecraft.world.item.DiggerItem
[26wrz2026 20:34:26.665] [main/DEBUG] [mixin/]: Mixing AxeItemMixin from mixins.eternal_starlight.json into net.minecraft.world.item.AxeItem
[26wrz2026 20:34:26.672] [main/DEBUG] [net.minecraftforge.coremod.transformer.CoreModBaseTransformer/COREMOD]: Transforming net/minecraft/world/item/BucketItem
[26wrz2026 20:34:26.686] [main/DEBUG] [mixin/]: Mixing SpawnEggItemMixin from mixins.eternal_starlight.json into net.minecraft.world.item.SpawnEggItem
[26wrz2026 20:34:27.145] [main/DEBUG] [net.minecraftforge.coremod.transformer.CoreModBaseTransformer/COREMOD]: Transforming net/minecraft/world/entity/monster/Spider
[26wrz2026 20:34:27.175] [main/DEBUG] [net.minecraftforge.coremod.transformer.CoreModBaseTransformer/COREMOD]: Transforming net/minecraft/world/entity/monster/Zombie
[26wrz2026 20:34:27.201] [main/DEBUG] [net.minecraftforge.coremod.transformer.CoreModBaseTransformer/COREMOD]: Transforming net/minecraft/world/entity/monster/ZombieVillager
[26wrz2026 20:34:27.217] [main/DEBUG] [mixin/]: Mixing ThrowableProjectileMixin from mixins.eternal_starlight.json into net.minecraft.world.entity.projectile.ThrowableProjectile
[26wrz2026 20:34:27.240] [main/DEBUG] [net.minecraftforge.coremod.transformer.CoreModBaseTransformer/COREMOD]: Transforming net/minecraft/world/entity/monster/Evoker$EvokerSummonSpellGoal
[26wrz2026 20:34:27.341] [main/DEBUG] [net.minecraftforge.coremod.transformer.CoreModBaseTransformer/COREMOD]: Transforming net/minecraft/world/entity/animal/horse/SkeletonTrapGoal
[26wrz2026 20:34:27.352] [main/DEBUG] [net.minecraftforge.coremod.transformer.CoreModBaseTransformer/COREMOD]: Transforming net/minecraft/world/entity/monster/Strider
[26wrz2026 20:34:27.402] [main/DEBUG] [mixin/]: Mixing ServerPlayerMixin from mixins.eternal_starlight.json into net.minecraft.server.level.ServerPlayer
[26wrz2026 20:34:27.426] [main/DEBUG] [mixin/]: Mixing LevelChunkMixin from mixins.eternal_starlight.json into net.minecraft.world.level.chunk.LevelChunk
[26wrz2026 20:34:27.457] [main/DEBUG] [net.minecraftforge.coremod.transformer.CoreModBaseTransformer/COREMOD]: Transforming net/minecraft/world/entity/npc/Villager
[26wrz2026 20:34:27.513] [main/DEBUG] [mixin/]: Mixing FishingHookMixin from mixins.eternal_starlight.json into net.minecraft.world.entity.projectile.FishingHook
[26wrz2026 20:34:27.533] [main/DEBUG] [net.minecraftforge.coremod.transformer.CoreModBaseTransformer/COREMOD]: Transforming net/minecraft/world/effect/MobEffectInstance
[26wrz2026 20:34:27.869] [main/DEBUG] [mixin/]: Mixing SnowAndFreezeFeatureMixin from mixins.eternal_starlight.json into net.minecraft.world.level.levelgen.feature.SnowAndFreezeFeature
[26wrz2026 20:34:27.972] [main/DEBUG] [net.minecraftforge.coremod.transformer.CoreModBaseTransformer/COREMOD]: Transforming net/minecraft/world/level/levelgen/structure/Structure
[26wrz2026 20:34:27.997] [main/DEBUG] [net.minecraftforge.coremod.transformer.CoreModBaseTransformer/COREMOD]: Transforming net/minecraft/world/level/levelgen/structure/structures/OceanRuinPieces$OceanRuinPiece
[26wrz2026 20:34:28.003] [main/DEBUG] [net.minecraftforge.coremod.transformer.CoreModBaseTransformer/COREMOD]: Transforming net/minecraft/world/level/levelgen/structure/structures/SwampHutPiece
[26wrz2026 20:34:28.009] [main/DEBUG] [net.minecraftforge.coremod.transformer.CoreModBaseTransformer/COREMOD]: Transforming net/minecraft/world/level/levelgen/structure/structures/OceanMonumentPieces$OceanMonumentPiece
[26wrz2026 20:34:28.018] [main/DEBUG] [net.minecraftforge.coremod.transformer.CoreModBaseTransformer/COREMOD]: Transforming net/minecraft/world/level/levelgen/structure/structures/WoodlandMansionPieces$WoodlandMansionPiece
[26wrz2026 20:34:28.034] [main/DEBUG] [mixin/]: Mixing JigsawStructureMixin from mixins.eternal_starlight.json into net.minecraft.world.level.levelgen.structure.structures.JigsawStructure
[26wrz2026 20:34:28.034] [main/DEBUG] [net.minecraftforge.coremod.transformer.CoreModBaseTransformer/COREMOD]: Transforming net/minecraft/world/level/levelgen/structure/Structure
[26wrz2026 20:34:28.035] [main/DEBUG] [mixin/]: Renaming synthetic method lambda$static$7(Lcom/mojang/serialization/codecs/RecordCodecBuilder$Instance;)Lcom/mojang/datafixers/kinds/App; to md3e7f34$lambda$static$7$0 in mixins.eternal_starlight.json:JigsawStructureMixin
[26wrz2026 20:34:28.035] [main/DEBUG] [mixin/]: Renaming synthetic method lambda$static$6(Lnet/minecraft/world/level/levelgen/structure/structures/JigsawStructure;)Ljava/lang/Integer; to md3e7f34$lambda$static$6$1 in mixins.eternal_starlight.json:JigsawStructureMixin
[26wrz2026 20:34:28.035] [main/DEBUG] [mixin/]: Renaming synthetic method lambda$static$5(Lnet/minecraft/world/level/levelgen/structure/structures/JigsawStructure;)Ljava/util/Optional; to md3e7f34$lambda$static$5$2 in mixins.eternal_starlight.json:JigsawStructureMixin
[26wrz2026 20:34:28.035] [main/DEBUG] [mixin/]: Renaming synthetic method lambda$static$4(Lnet/minecraft/world/level/levelgen/structure/structures/JigsawStructure;)Ljava/lang/Boolean; to md3e7f34$lambda$static$4$3 in mixins.eternal_starlight.json:JigsawStructureMixin
[26wrz2026 20:34:28.035] [main/DEBUG] [mixin/]: Renaming synthetic method lambda$static$3(Lnet/minecraft/world/level/levelgen/structure/structures/JigsawStructure;)Lnet/minecraft/world/level/levelgen/heightproviders/HeightProvider; to md3e7f34$lambda$static$3$4 in mixins.eternal_starlight.json:JigsawStructureMixin
[26wrz2026 20:34:28.035] [main/DEBUG] [mixin/]: Renaming synthetic method lambda$static$2(Lnet/minecraft/world/level/levelgen/structure/structures/JigsawStructure;)Ljava/lang/Integer; to md3e7f34$lambda$static$2$5 in mixins.eternal_starlight.json:JigsawStructureMixin
[26wrz2026 20:34:28.035] [main/DEBUG] [mixin/]: Renaming synthetic method lambda$static$1(Lnet/minecraft/world/level/levelgen/structure/structures/JigsawStructure;)Ljava/util/Optional; to md3e7f34$lambda$static$1$6 in mixins.eternal_starlight.json:JigsawStructureMixin
[26wrz2026 20:34:28.035] [main/DEBUG] [mixin/]: Renaming synthetic method lambda$static$0(Lnet/minecraft/world/level/levelgen/structure/structures/JigsawStructure;)Lnet/minecraft/core/Holder; to md3e7f34$lambda$static$0$7 in mixins.eternal_starlight.json:JigsawStructureMixin
[26wrz2026 20:34:28.093] [main/DEBUG] [net.minecraftforge.coremod.transformer.CoreModBaseTransformer/COREMOD]: Transforming net/minecraft/world/level/biome/Biome
[26wrz2026 20:34:28.217] [main/DEBUG] [net.minecraftforge.registries.GameData/REGISTRIES]: Creating vanilla freeze snapshot
[26wrz2026 20:34:28.219] [main/DEBUG] [net.minecraftforge.registries.ForgeRegistry/REGISTRIES]: Registry minecraft:block Sync: VANILLA -> ACTIVE
[26wrz2026 20:34:28.228] [main/DEBUG] [net.minecraftforge.registries.ForgeRegistry/REGISTRIES]: Registry minecraft:fluid Sync: VANILLA -> ACTIVE
[26wrz2026 20:34:28.228] [main/DEBUG] [net.minecraftforge.registries.ForgeRegistry/REGISTRIES]: Registry minecraft:item Sync: VANILLA -> ACTIVE
[26wrz2026 20:34:28.236] [main/DEBUG] [net.minecraftforge.registries.ForgeRegistry/REGISTRIES]: Registry minecraft:mob_effect Sync: VANILLA -> ACTIVE
[26wrz2026 20:34:28.236] [main/DEBUG] [net.minecraftforge.registries.ForgeRegistry/REGISTRIES]: Registry minecraft:sound_event Sync: VANILLA -> ACTIVE
[26wrz2026 20:34:28.243] [main/DEBUG] [net.minecraftforge.registries.ForgeRegistry/REGISTRIES]: Registry minecraft:potion Sync: VANILLA -> ACTIVE
[26wrz2026 20:34:28.243] [main/DEBUG] [net.minecraftforge.registries.ForgeRegistry/REGISTRIES]: Registry minecraft:enchantment Sync: VANILLA -> ACTIVE
[26wrz2026 20:34:28.244] [main/DEBUG] [net.minecraftforge.registries.ForgeRegistry/REGISTRIES]: Registry minecraft:entity_type Sync: VANILLA -> ACTIVE
[26wrz2026 20:34:28.245] [main/DEBUG] [net.minecraftforge.registries.ForgeRegistry/REGISTRIES]: Registry minecraft:block_entity_type Sync: VANILLA -> ACTIVE
[26wrz2026 20:34:28.245] [main/DEBUG] [net.minecraftforge.registries.ForgeRegistry/REGISTRIES]: Registry minecraft:particle_type Sync: VANILLA -> ACTIVE
[26wrz2026 20:34:28.245] [main/DEBUG] [net.minecraftforge.registries.ForgeRegistry/REGISTRIES]: Registry minecraft:menu Sync: VANILLA -> ACTIVE
[26wrz2026 20:34:28.245] [main/DEBUG] [net.minecraftforge.registries.ForgeRegistry/REGISTRIES]: Registry minecraft:painting_variant Sync: VANILLA -> ACTIVE
[26wrz2026 20:34:28.245] [main/DEBUG] [net.minecraftforge.registries.ForgeRegistry/REGISTRIES]: Registry minecraft:recipe_type Sync: VANILLA -> ACTIVE
[26wrz2026 20:34:28.246] [main/DEBUG] [net.minecraftforge.registries.ForgeRegistry/REGISTRIES]: Registry minecraft:recipe_serializer Sync: VANILLA -> ACTIVE
[26wrz2026 20:34:28.246] [main/DEBUG] [net.minecraftforge.registries.ForgeRegistry/REGISTRIES]: Registry minecraft:attribute Sync: VANILLA -> ACTIVE
[26wrz2026 20:34:28.246] [main/DEBUG] [net.minecraftforge.registries.ForgeRegistry/REGISTRIES]: Registry minecraft:stat_type Sync: VANILLA -> ACTIVE
[26wrz2026 20:34:28.246] [main/DEBUG] [net.minecraftforge.registries.ForgeRegistry/REGISTRIES]: Registry minecraft:command_argument_type Sync: VANILLA -> ACTIVE
[26wrz2026 20:34:28.246] [main/DEBUG] [net.minecraftforge.registries.ForgeRegistry/REGISTRIES]: Registry minecraft:villager_profession Sync: VANILLA -> ACTIVE
[26wrz2026 20:34:28.246] [main/DEBUG] [net.minecraftforge.registries.ForgeRegistry/REGISTRIES]: Registry minecraft:point_of_interest_type Sync: VANILLA -> ACTIVE
[26wrz2026 20:34:28.248] [main/DEBUG] [net.minecraftforge.registries.ForgeRegistry/REGISTRIES]: Registry minecraft:memory_module_type Sync: VANILLA -> ACTIVE
[26wrz2026 20:34:28.248] [main/DEBUG] [net.minecraftforge.registries.ForgeRegistry/REGISTRIES]: Registry minecraft:sensor_type Sync: VANILLA -> ACTIVE
[26wrz2026 20:34:28.249] [main/DEBUG] [net.minecraftforge.registries.ForgeRegistry/REGISTRIES]: Registry minecraft:schedule Sync: VANILLA -> ACTIVE
[26wrz2026 20:34:28.249] [main/DEBUG] [net.minecraftforge.registries.ForgeRegistry/REGISTRIES]: Registry minecraft:activity Sync: VANILLA -> ACTIVE
[26wrz2026 20:34:28.249] [main/DEBUG] [net.minecraftforge.registries.ForgeRegistry/REGISTRIES]: Registry minecraft:worldgen/carver Sync: VANILLA -> ACTIVE
[26wrz2026 20:34:28.249] [main/DEBUG] [net.minecraftforge.registries.ForgeRegistry/REGISTRIES]: Registry minecraft:worldgen/feature Sync: VANILLA -> ACTIVE
[26wrz2026 20:34:28.249] [main/DEBUG] [net.minecraftforge.registries.ForgeRegistry/REGISTRIES]: Registry minecraft:chunk_status Sync: VANILLA -> ACTIVE
[26wrz2026 20:34:28.249] [main/DEBUG] [net.minecraftforge.registries.ForgeRegistry/REGISTRIES]: Registry minecraft:worldgen/block_state_provider_type Sync: VANILLA -> ACTIVE
[26wrz2026 20:34:28.249] [main/DEBUG] [net.minecraftforge.registries.ForgeRegistry/REGISTRIES]: Registry minecraft:worldgen/foliage_placer_type Sync: VANILLA -> ACTIVE
[26wrz2026 20:34:28.249] [main/DEBUG] [net.minecraftforge.registries.ForgeRegistry/REGISTRIES]: Registry minecraft:worldgen/tree_decorator_type Sync: VANILLA -> ACTIVE
[26wrz2026 20:34:28.249] [main/DEBUG] [net.minecraftforge.registries.ForgeRegistry/REGISTRIES]: Registry minecraft:worldgen/biome Sync: VANILLA -> ACTIVE
[26wrz2026 20:34:28.253] [main/DEBUG] [net.minecraftforge.registries.GameData/REGISTRIES]: Vanilla freeze snapshot created
[26wrz2026 20:34:28.269] [main/DEBUG] [io.netty.util.internal.PlatformDependent0/]: -Dio.netty.noUnsafe: false
[26wrz2026 20:34:28.270] [main/DEBUG] [io.netty.util.internal.PlatformDependent0/]: Java version: 17
[26wrz2026 20:34:28.271] [main/DEBUG] [io.netty.util.internal.PlatformDependent0/]: sun.misc.Unsafe.theUnsafe: available
[26wrz2026 20:34:28.271] [main/DEBUG] [io.netty.util.internal.PlatformDependent0/]: sun.misc.Unsafe.copyMemory: available
[26wrz2026 20:34:28.272] [main/DEBUG] [io.netty.util.internal.PlatformDependent0/]: sun.misc.Unsafe.storeFence: available
[26wrz2026 20:34:28.272] [main/DEBUG] [io.netty.util.internal.PlatformDependent0/]: java.nio.Buffer.address: available
[26wrz2026 20:34:28.273] [main/DEBUG] [io.netty.util.internal.PlatformDependent0/]: direct buffer constructor: unavailable
java.lang.UnsupportedOperationException: Reflective setAccessible(true) disabled
	at io.netty.util.internal.ReflectionUtil.trySetAccessible(ReflectionUtil.java:31) ~[netty-common-4.1.82.Final.jar:4.1.82.Final]
	at io.netty.util.internal.PlatformDependent0$5.run(PlatformDependent0.java:288) ~[netty-common-4.1.82.Final.jar:4.1.82.Final]
	at java.security.AccessController.doPrivileged(AccessController.java:318) ~[?:?]
	at io.netty.util.internal.PlatformDependent0.<clinit>(PlatformDependent0.java:282) ~[netty-common-4.1.82.Final.jar:4.1.82.Final]
	at io.netty.util.internal.PlatformDependent.isAndroid(PlatformDependent.java:333) ~[netty-common-4.1.82.Final.jar:4.1.82.Final]
	at io.netty.util.internal.PlatformDependent.<clinit>(PlatformDependent.java:88) ~[netty-common-4.1.82.Final.jar:4.1.82.Final]
	at io.netty.util.ConstantPool.<init>(ConstantPool.java:34) ~[netty-common-4.1.82.Final.jar:4.1.82.Final]
	at io.netty.util.AttributeKey$1.<init>(AttributeKey.java:27) ~[netty-common-4.1.82.Final.jar:4.1.82.Final]
	at io.netty.util.AttributeKey.<clinit>(AttributeKey.java:27) ~[netty-common-4.1.82.Final.jar:4.1.82.Final]
	at net.minecraftforge.network.NetworkConstants.<clinit>(NetworkConstants.java:34) ~[forge-1.20.1-47.4.13_mapped_parchment_2023.09.03-1.20.1-recomp.jar:?]
	at net.minecraftforge.network.NetworkHooks.init(NetworkHooks.java:52) ~[forge-1.20.1-47.4.13_mapped_parchment_2023.09.03-1.20.1-recomp.jar:?]
	at net.minecraft.server.Bootstrap.bootStrap(Bootstrap.java:66) ~[forge-1.20.1-47.4.13_mapped_parchment_2023.09.03-1.20.1-recomp.jar:?]
	at net.minecraftforge.data.loading.DatagenModLoader.begin(DatagenModLoader.java:42) ~[forge-1.20.1-47.4.13_mapped_parchment_2023.09.03-1.20.1-recomp.jar:?]
	at net.minecraft.data.Main.main(Main.java:90) ~[forge-1.20.1-47.4.13_mapped_parchment_2023.09.03-1.20.1-recomp.jar:?]
	at jdk.internal.reflect.NativeMethodAccessorImpl.invoke0(Native Method) ~[?:?]
	at jdk.internal.reflect.NativeMethodAccessorImpl.invoke(NativeMethodAccessorImpl.java:77) ~[?:?]
	at jdk.internal.reflect.DelegatingMethodAccessorImpl.invoke(DelegatingMethodAccessorImpl.java:43) ~[?:?]
	at java.lang.reflect.Method.invoke(Method.java:569) ~[?:?]
	at net.minecraftforge.fml.loading.targets.CommonLaunchHandler.runTarget(CommonLaunchHandler.java:111) ~[fmlloader-1.20.1-47.4.13.jar:?]
	at net.minecraftforge.fml.loading.targets.CommonLaunchHandler.dataService(CommonLaunchHandler.java:107) ~[fmlloader-1.20.1-47.4.13.jar:?]
	at net.minecraftforge.fml.loading.targets.ForgeDataUserdevLaunchHandler.devService(ForgeDataUserdevLaunchHandler.java:22) ~[fmlloader-1.20.1-47.4.13.jar:?]
	at net.minecraftforge.fml.loading.targets.CommonDevLaunchHandler.lambda$makeService$7(CommonDevLaunchHandler.java:135) ~[fmlloader-1.20.1-47.4.13.jar:?]
	at cpw.mods.modlauncher.LaunchServiceHandlerDecorator.launch(LaunchServiceHandlerDecorator.java:30) ~[modlauncher-10.0.9.jar:?]
	at cpw.mods.modlauncher.LaunchServiceHandler.launch(LaunchServiceHandler.java:53) ~[modlauncher-10.0.9.jar:?]
	at cpw.mods.modlauncher.LaunchServiceHandler.launch(LaunchServiceHandler.java:71) ~[modlauncher-10.0.9.jar:?]
	at cpw.mods.modlauncher.Launcher.run(Launcher.java:108) ~[modlauncher-10.0.9.jar:?]
	at cpw.mods.modlauncher.Launcher.main(Launcher.java:78) ~[modlauncher-10.0.9.jar:?]
	at cpw.mods.modlauncher.BootstrapLaunchConsumer.accept(BootstrapLaunchConsumer.java:26) ~[modlauncher-10.0.9.jar:?]
	at cpw.mods.modlauncher.BootstrapLaunchConsumer.accept(BootstrapLaunchConsumer.java:23) ~[modlauncher-10.0.9.jar:?]
	at cpw.mods.bootstraplauncher.BootstrapLauncher.main(BootstrapLauncher.java:141) ~[bootstraplauncher-1.1.2.jar:?]
[26wrz2026 20:34:28.290] [main/DEBUG] [io.netty.util.internal.PlatformDependent0/]: java.nio.Bits.unaligned: available, true
[26wrz2026 20:34:28.291] [main/DEBUG] [io.netty.util.internal.PlatformDependent0/]: jdk.internal.misc.Unsafe.allocateUninitializedArray(int): unavailable
java.lang.IllegalAccessException: class io.netty.util.internal.PlatformDependent0$7 (in module io.netty.common) cannot access class jdk.internal.misc.Unsafe (in module java.base) because module java.base does not export jdk.internal.misc to module io.netty.common
	at jdk.internal.reflect.Reflection.newIllegalAccessException(Reflection.java:392) ~[?:?]
	at java.lang.reflect.AccessibleObject.checkAccess(AccessibleObject.java:674) ~[?:?]
	at java.lang.reflect.Method.invoke(Method.java:561) ~[?:?]
	at io.netty.util.internal.PlatformDependent0$7.run(PlatformDependent0.java:410) ~[netty-common-4.1.82.Final.jar:4.1.82.Final]
	at java.security.AccessController.doPrivileged(AccessController.java:318) ~[?:?]
	at io.netty.util.internal.PlatformDependent0.<clinit>(PlatformDependent0.java:401) ~[netty-common-4.1.82.Final.jar:4.1.82.Final]
	at io.netty.util.internal.PlatformDependent.isAndroid(PlatformDependent.java:333) ~[netty-common-4.1.82.Final.jar:4.1.82.Final]
	at io.netty.util.internal.PlatformDependent.<clinit>(PlatformDependent.java:88) ~[netty-common-4.1.82.Final.jar:4.1.82.Final]
	at io.netty.util.ConstantPool.<init>(ConstantPool.java:34) ~[netty-common-4.1.82.Final.jar:4.1.82.Final]
	at io.netty.util.AttributeKey$1.<init>(AttributeKey.java:27) ~[netty-common-4.1.82.Final.jar:4.1.82.Final]
	at io.netty.util.AttributeKey.<clinit>(AttributeKey.java:27) ~[netty-common-4.1.82.Final.jar:4.1.82.Final]
	at net.minecraftforge.network.NetworkConstants.<clinit>(NetworkConstants.java:34) ~[forge-1.20.1-47.4.13_mapped_parchment_2023.09.03-1.20.1-recomp.jar:?]
	at net.minecraftforge.network.NetworkHooks.init(NetworkHooks.java:52) ~[forge-1.20.1-47.4.13_mapped_parchment_2023.09.03-1.20.1-recomp.jar:?]
	at net.minecraft.server.Bootstrap.bootStrap(Bootstrap.java:66) ~[forge-1.20.1-47.4.13_mapped_parchment_2023.09.03-1.20.1-recomp.jar:?]
	at net.minecraftforge.data.loading.DatagenModLoader.begin(DatagenModLoader.java:42) ~[forge-1.20.1-47.4.13_mapped_parchment_2023.09.03-1.20.1-recomp.jar:?]
	at net.minecraft.data.Main.main(Main.java:90) ~[forge-1.20.1-47.4.13_mapped_parchment_2023.09.03-1.20.1-recomp.jar:?]
	at jdk.internal.reflect.NativeMethodAccessorImpl.invoke0(Native Method) ~[?:?]
	at jdk.internal.reflect.NativeMethodAccessorImpl.invoke(NativeMethodAccessorImpl.java:77) ~[?:?]
	at jdk.internal.reflect.DelegatingMethodAccessorImpl.invoke(DelegatingMethodAccessorImpl.java:43) ~[?:?]
	at java.lang.reflect.Method.invoke(Method.java:569) ~[?:?]
	at net.minecraftforge.fml.loading.targets.CommonLaunchHandler.runTarget(CommonLaunchHandler.java:111) ~[fmlloader-1.20.1-47.4.13.jar:?]
	at net.minecraftforge.fml.loading.targets.CommonLaunchHandler.dataService(CommonLaunchHandler.java:107) ~[fmlloader-1.20.1-47.4.13.jar:?]
	at net.minecraftforge.fml.loading.targets.ForgeDataUserdevLaunchHandler.devService(ForgeDataUserdevLaunchHandler.java:22) ~[fmlloader-1.20.1-47.4.13.jar:?]
	at net.minecraftforge.fml.loading.targets.CommonDevLaunchHandler.lambda$makeService$7(CommonDevLaunchHandler.java:135) ~[fmlloader-1.20.1-47.4.13.jar:?]
	at cpw.mods.modlauncher.LaunchServiceHandlerDecorator.launch(LaunchServiceHandlerDecorator.java:30) ~[modlauncher-10.0.9.jar:?]
	at cpw.mods.modlauncher.LaunchServiceHandler.launch(LaunchServiceHandler.java:53) ~[modlauncher-10.0.9.jar:?]
	at cpw.mods.modlauncher.LaunchServiceHandler.launch(LaunchServiceHandler.java:71) ~[modlauncher-10.0.9.jar:?]
	at cpw.mods.modlauncher.Launcher.run(Launcher.java:108) ~[modlauncher-10.0.9.jar:?]
	at cpw.mods.modlauncher.Launcher.main(Launcher.java:78) ~[modlauncher-10.0.9.jar:?]
	at cpw.mods.modlauncher.BootstrapLaunchConsumer.accept(BootstrapLaunchConsumer.java:26) ~[modlauncher-10.0.9.jar:?]
	at cpw.mods.modlauncher.BootstrapLaunchConsumer.accept(BootstrapLaunchConsumer.java:23) ~[modlauncher-10.0.9.jar:?]
	at cpw.mods.bootstraplauncher.BootstrapLauncher.main(BootstrapLauncher.java:141) ~[bootstraplauncher-1.1.2.jar:?]
[26wrz2026 20:34:28.294] [main/DEBUG] [io.netty.util.internal.PlatformDependent0/]: java.nio.DirectByteBuffer.<init>(long, int): unavailable
[26wrz2026 20:34:28.294] [main/DEBUG] [io.netty.util.internal.PlatformDependent/]: sun.misc.Unsafe: available
[26wrz2026 20:34:28.294] [main/DEBUG] [io.netty.util.internal.PlatformDependent/]: maxDirectMemory: 4255121408 bytes (maybe)
[26wrz2026 20:34:28.295] [main/DEBUG] [io.netty.util.internal.PlatformDependent/]: -Dio.netty.tmpdir: C:\Users\LivajQ\AppData\Local\Temp (java.io.tmpdir)
[26wrz2026 20:34:28.295] [main/DEBUG] [io.netty.util.internal.PlatformDependent/]: -Dio.netty.bitMode: 64 (sun.arch.data.model)
[26wrz2026 20:34:28.295] [main/DEBUG] [io.netty.util.internal.PlatformDependent/]: Platform: Windows
[26wrz2026 20:34:28.295] [main/DEBUG] [io.netty.util.internal.PlatformDependent/]: -Dio.netty.maxDirectMemory: -1 bytes
[26wrz2026 20:34:28.295] [main/DEBUG] [io.netty.util.internal.PlatformDependent/]: -Dio.netty.uninitializedArrayAllocationThreshold: -1
[26wrz2026 20:34:28.296] [main/DEBUG] [io.netty.util.internal.CleanerJava9/]: java.nio.ByteBuffer.cleaner(): available
[26wrz2026 20:34:28.297] [main/DEBUG] [io.netty.util.internal.PlatformDependent/]: -Dio.netty.noPreferDirect: false
[26wrz2026 20:34:28.354] [main/DEBUG] [net.minecraftforge.network.NetworkHooks/]: Loading Network data for FML net version: FML3
[26wrz2026 20:34:28.375] [main/DEBUG] [net.minecraftforge.fml.ModWorkManager/LOADING]: Using 12 threads for parallel mod-loading
[26wrz2026 20:34:28.382] [main/DEBUG] [net.minecraftforge.fml.javafmlmod.FMLJavaModLanguageProvider/LOADING]: Loading FMLModContainer from classloader cpw.mods.modlauncher.TransformingClassLoader@480b57e2 - got cpw.mods.cl.ModuleClassLoader@5e840abf
[26wrz2026 20:34:28.384] [main/DEBUG] [net.minecraftforge.fml.javafmlmod.FMLModContainer/LOADING]: Creating FMLModContainer instance for net.minecraftforge.common.ForgeMod
[26wrz2026 20:34:28.387] [main/DEBUG] [net.minecraftforge.fml.javafmlmod.FMLJavaModLanguageProvider/LOADING]: Loading FMLModContainer from classloader cpw.mods.modlauncher.TransformingClassLoader@480b57e2 - got cpw.mods.cl.ModuleClassLoader@5e840abf
[26wrz2026 20:34:28.387] [main/DEBUG] [net.minecraftforge.fml.javafmlmod.FMLModContainer/LOADING]: Creating FMLModContainer instance for cn.leolezury.eternalstarlight.common.EternalStarlight
[26wrz2026 20:34:28.388] [main/DEBUG] [net.minecraftforge.fml.javafmlmod.FMLJavaModLanguageProvider/LOADING]: Loading FMLModContainer from classloader cpw.mods.modlauncher.TransformingClassLoader@480b57e2 - got cpw.mods.cl.ModuleClassLoader@5e840abf
[26wrz2026 20:34:28.388] [main/DEBUG] [net.minecraftforge.fml.javafmlmod.FMLModContainer/LOADING]: Creating FMLModContainer instance for mezz.jei.forge.JustEnoughItems
[26wrz2026 20:34:28.416] [modloading-worker-0/DEBUG] [net.minecraftforge.versions.forge.ForgeVersion/CORE]: Forge Version package package net.minecraftforge.versions.forge, Forge, version 47.4 from cpw.mods.modlauncher.TransformingClassLoader@480b57e2
[26wrz2026 20:34:28.417] [modloading-worker-0/DEBUG] [net.minecraftforge.versions.forge.ForgeVersion/CORE]: Found Forge version 47.4.13
[26wrz2026 20:34:28.417] [modloading-worker-0/DEBUG] [net.minecraftforge.versions.forge.ForgeVersion/CORE]: Found Forge spec 47.4
[26wrz2026 20:34:28.417] [modloading-worker-0/DEBUG] [net.minecraftforge.versions.forge.ForgeVersion/CORE]: Found Forge group net.minecraftforge
[26wrz2026 20:34:28.418] [modloading-worker-0/DEBUG] [net.minecraftforge.versions.mcp.MCPVersion/CORE]: MCP Version package package net.minecraftforge.versions.mcp, Minecraft, version 1.20.1 from cpw.mods.modlauncher.TransformingClassLoader@480b57e2
[26wrz2026 20:34:28.418] [modloading-worker-0/DEBUG] [net.minecraftforge.versions.mcp.MCPVersion/CORE]: Found MC version information 1.20.1
[26wrz2026 20:34:28.418] [modloading-worker-0/DEBUG] [net.minecraftforge.versions.mcp.MCPVersion/CORE]: Found MCP version information 20230612.114412
[26wrz2026 20:34:28.418] [modloading-worker-0/INFO] [net.minecraftforge.common.ForgeMod/FORGEMOD]: Forge mod loading, version 47.4.13, for MC 1.20.1 with MCP 20230612.114412
[26wrz2026 20:34:28.419] [modloading-worker-0/INFO] [net.minecraftforge.common.MinecraftForge/FORGE]: MinecraftForge v47.4.13 Initialized
[26wrz2026 20:34:28.420] [modloading-worker-0/DEBUG] [net.minecraftforge.fml.config.ConfigTracker/CONFIG]: Config file jei-server.toml for jei tracking
[26wrz2026 20:34:28.432] [modloading-worker-0/DEBUG] [mixin/]: Mixing client.MultiPlayerGameModeMixin from mixins.eternal_starlight.json into net.minecraft.client.multiplayer.MultiPlayerGameMode
[26wrz2026 20:34:28.445] [modloading-worker-0/DEBUG] [mixin/]: Mixing client.LocalPlayerMixin from mixins.eternal_starlight.json into net.minecraft.client.player.LocalPlayer
[26wrz2026 20:34:28.478] [modloading-worker-0/DEBUG] [net.minecraftforge.fml.config.ConfigTracker/CONFIG]: Config file eternal_starlight-common.toml for eternal_starlight tracking
[26wrz2026 20:34:28.479] [modloading-worker-0/DEBUG] [mezz.jei.common.platform.Services/]: Loaded mezz.jei.forge.platform.PlatformHelper@40319d92 for service interface mezz.jei.common.platform.IPlatformHelper
[26wrz2026 20:34:28.503] [modloading-worker-0/DEBUG] [net.minecraftforge.fml.config.ConfigTracker/CONFIG]: Config file forge-client.toml for forge tracking
[26wrz2026 20:34:28.503] [modloading-worker-0/DEBUG] [net.minecraftforge.fml.config.ConfigTracker/CONFIG]: Config file forge-server.toml for forge tracking
[26wrz2026 20:34:28.503] [modloading-worker-0/DEBUG] [net.minecraftforge.fml.ModLoadingContext/]: Attempted to register an empty config for type COMMON on mod forge
[26wrz2026 20:34:28.507] [modloading-worker-0/DEBUG] [mixin/]: Mixing client.MinecraftMixin from mixins.eternal_starlight.json into net.minecraft.client.Minecraft
[26wrz2026 20:34:28.510] [modloading-worker-0/DEBUG] [net.minecraftforge.coremod.transformer.CoreModBaseTransformer/COREMOD]: Transforming net/minecraft/world/level/biome/Biome
[26wrz2026 20:34:28.557] [modloading-worker-0/DEBUG] [net.minecraftforge.fml.javafmlmod.AutomaticEventSubscriber/LOADING]: Attempting to inject @EventBusSubscriber classes into the eventbus for forge
[26wrz2026 20:34:28.560] [modloading-worker-0/DEBUG] [net.minecraftforge.fml.javafmlmod.AutomaticEventSubscriber/LOADING]: Auto-subscribing net.minecraftforge.common.ForgeSpawnEggItem$CommonHandler to MOD
[26wrz2026 20:34:28.561] [modloading-worker-0/DEBUG] [net.minecraftforge.fml.javafmlmod.AutomaticEventSubscriber/LOADING]: Auto-subscribing net.minecraftforge.common.ForgeSpawnEggItem$ColorRegisterHandler to MOD
[26wrz2026 20:34:28.568] [modloading-worker-0/DEBUG] [net.minecraftforge.fml.javafmlmod.AutomaticEventSubscriber/LOADING]: Auto-subscribing net.minecraftforge.client.model.data.ModelDataManager to FORGE
[26wrz2026 20:34:28.571] [modloading-worker-0/DEBUG] [net.minecraftforge.fml.javafmlmod.AutomaticEventSubscriber/LOADING]: Auto-subscribing net.minecraftforge.client.ForgeHooksClient$ClientEvents to MOD
[26wrz2026 20:34:28.588] [modloading-worker-0/DEBUG] [net.minecraftforge.fml.javafmlmod.AutomaticEventSubscriber/LOADING]: Auto-subscribing net.minecraftforge.client.ClientForgeMod to MOD
[26wrz2026 20:34:28.597] [modloading-worker-0/DEBUG] [mixin/]: Mixing client.ClientLevelMixin from mixins.eternal_starlight.json into net.minecraft.client.multiplayer.ClientLevel
[26wrz2026 20:34:28.688] [modloading-worker-0/DEBUG] [mezz.jei.common.config.file.ConfigSerializer/]: Saving config file: C:\AModeFolder\eternal-starlight\run-data\config\jei\jei-debug.ini
[26wrz2026 20:34:28.695] [modloading-worker-0/DEBUG] [mezz.jei.common.config.file.ConfigSerializer/]: Saving config file: C:\AModeFolder\eternal-starlight\run-data\config\jei\jei-mod-id-format.ini
[26wrz2026 20:34:28.699] [modloading-worker-0/DEBUG] [mezz.jei.common.config.file.ConfigSerializer/]: Saving config file: C:\AModeFolder\eternal-starlight\run-data\config\jei\jei-colors.ini
[26wrz2026 20:34:28.708] [modloading-worker-0/DEBUG] [mezz.jei.common.config.file.ConfigSerializer/]: Saving config file: C:\AModeFolder\eternal-starlight\run-data\config\jei\jei-client.ini
[26wrz2026 20:34:28.713] [modloading-worker-0/INFO] [mezz.jei.library.load.PluginCaller/]: Sending ConfigManager...
[26wrz2026 20:34:28.716] [modloading-worker-0/DEBUG] [mezz.jei.library.load.PluginCallerTimerRunnable/]: Sending ConfigManager: jei:minecraft...
[26wrz2026 20:34:28.716] [modloading-worker-0/DEBUG] [mezz.jei.library.load.PluginCallerTimerRunnable/]: Sending ConfigManager: eternal_starlight:jei_plugin...
[26wrz2026 20:34:28.716] [modloading-worker-0/DEBUG] [mezz.jei.library.load.PluginCallerTimerRunnable/]: Sending ConfigManager: jei:debug...
[26wrz2026 20:34:28.716] [modloading-worker-0/DEBUG] [mezz.jei.library.load.PluginCallerTimerRunnable/]: Sending ConfigManager: jei:gui...
[26wrz2026 20:34:28.716] [modloading-worker-0/DEBUG] [mezz.jei.library.load.PluginCallerTimerRunnable/]: Sending ConfigManager: jei:forge_gui...
[26wrz2026 20:34:28.716] [modloading-worker-0/DEBUG] [mezz.jei.library.load.PluginCallerTimerRunnable/]: Sending ConfigManager: jei:internal...
[26wrz2026 20:34:28.717] [modloading-worker-0/INFO] [mezz.jei.library.load.PluginCaller/]: Sending ConfigManager took 2.702 ms
[26wrz2026 20:34:28.722] [modloading-worker-0/DEBUG] [net.minecraftforge.fml.javafmlmod.AutomaticEventSubscriber/LOADING]: Attempting to inject @EventBusSubscriber classes into the eventbus for jei
[26wrz2026 20:34:28.888] [modloading-worker-0/DEBUG] [mixin/]: Mixing InventoryChangeTriggerMixin from mixins.eternal_starlight.json into net.minecraft.advancements.critereon.InventoryChangeTrigger
[26wrz2026 20:34:29.002] [modloading-worker-0/DEBUG] [net.minecraftforge.fml.javafmlmod.AutomaticEventSubscriber/LOADING]: Attempting to inject @EventBusSubscriber classes into the eventbus for eternal_starlight
[26wrz2026 20:34:29.003] [modloading-worker-0/DEBUG] [net.minecraftforge.fml.javafmlmod.AutomaticEventSubscriber/LOADING]: Auto-subscribing cn.leolezury.eternalstarlight.common.client.handler.ForgeClientEvents to FORGE
[26wrz2026 20:34:29.009] [modloading-worker-0/DEBUG] [mixin/]: Mixing client.GameRendererMixin from mixins.eternal_starlight.json into net.minecraft.client.renderer.GameRenderer
[26wrz2026 20:34:29.016] [modloading-worker-0/DEBUG] [mixin/]: Mixing client.CameraMixin from mixins.eternal_starlight.json into net.minecraft.client.Camera
[26wrz2026 20:34:29.029] [modloading-worker-0/DEBUG] [mixin/]: Mixing client.GuiGraphicsMixin from mixins.eternal_starlight.json into net.minecraft.client.gui.GuiGraphics
[26wrz2026 20:34:29.035] [modloading-worker-0/DEBUG] [net.minecraftforge.fml.javafmlmod.AutomaticEventSubscriber/LOADING]: Auto-subscribing cn.leolezury.eternalstarlight.common.client.handler.ForgeClientSetupEvents to MOD
[26wrz2026 20:34:29.051] [modloading-worker-0/DEBUG] [net.minecraftforge.fml.javafmlmod.AutomaticEventSubscriber/LOADING]: Auto-subscribing cn.leolezury.eternalstarlight.common.datagen.DataGenerators to MOD
[26wrz2026 20:34:29.054] [modloading-worker-0/DEBUG] [net.minecraftforge.fml.javafmlmod.AutomaticEventSubscriber/LOADING]: Auto-subscribing cn.leolezury.eternalstarlight.common.handler.ForgeCommonEvents$ForgeEvents to FORGE
[26wrz2026 20:34:29.071] [modloading-worker-0/DEBUG] [net.minecraftforge.fml.javafmlmod.AutomaticEventSubscriber/LOADING]: Auto-subscribing cn.leolezury.eternalstarlight.common.handler.ForgeCommonEvents$ModEvents to MOD
[26wrz2026 20:34:29.072] [modloading-worker-0/DEBUG] [net.minecraftforge.fml.javafmlmod.AutomaticEventSubscriber/LOADING]: Auto-subscribing cn.leolezury.eternalstarlight.common.handler.ForgeCommonSetupEvents$ForgeEvents to FORGE
[26wrz2026 20:34:29.073] [modloading-worker-0/DEBUG] [net.minecraftforge.fml.javafmlmod.AutomaticEventSubscriber/LOADING]: Auto-subscribing cn.leolezury.eternalstarlight.common.handler.ForgeCommonSetupEvents$ModEvents to MOD
[26wrz2026 20:34:29.075] [modloading-worker-0/DEBUG] [net.minecraftforge.fml.javafmlmod.AutomaticEventSubscriber/LOADING]: Auto-subscribing cn.leolezury.eternalstarlight.common.item.combat.CrystalGreatswordItem$Handler to FORGE
[26wrz2026 20:34:29.076] [modloading-worker-0/DEBUG] [net.minecraftforge.fml.javafmlmod.AutomaticEventSubscriber/LOADING]: Auto-subscribing cn.leolezury.eternalstarlight.common.registry.ESForgeRegistryRemapper to FORGE
[26wrz2026 20:34:29.097] [main/DEBUG] [net.minecraftforge.registries.ObjectHolderRegistry/REGISTRIES]: Processing ObjectHolder annotations
[26wrz2026 20:34:29.110] [main/DEBUG] [net.minecraftforge.registries.ObjectHolderRegistry/REGISTRIES]: Found 6046 ObjectHolder annotations
[26wrz2026 20:34:29.113] [main/DEBUG] [net.minecraftforge.common.capabilities.CapabilityManager/CAPABILITIES]: Attempting to automatically register: Lnet/minecraftforge/energy/IEnergyStorage;
[26wrz2026 20:34:29.114] [main/DEBUG] [net.minecraftforge.common.capabilities.CapabilityManager/CAPABILITIES]: Attempting to automatically register: Lnet/minecraftforge/fluids/capability/IFluidHandler;
[26wrz2026 20:34:29.114] [main/DEBUG] [net.minecraftforge.common.capabilities.CapabilityManager/CAPABILITIES]: Attempting to automatically register: Lnet/minecraftforge/fluids/capability/IFluidHandlerItem;
[26wrz2026 20:34:29.114] [main/DEBUG] [net.minecraftforge.common.capabilities.CapabilityManager/CAPABILITIES]: Attempting to automatically register: Lnet/minecraftforge/items/IItemHandler;
[26wrz2026 20:34:29.115] [main/DEBUG] [net.minecraftforge.registries.GameData/REGISTRIES]: Unfreezing vanilla registries
[26wrz2026 20:34:29.118] [main/DEBUG] [net.minecraftforge.registries.GameData/REGISTRIES]: Applying holder lookups: minecraft:sound_event
[26wrz2026 20:34:29.123] [main/DEBUG] [net.minecraftforge.registries.GameData/REGISTRIES]: Holder lookups applied: minecraft:sound_event
[26wrz2026 20:34:29.124] [main/DEBUG] [net.minecraftforge.registries.GameData/REGISTRIES]: Applying holder lookups: minecraft:fluid
[26wrz2026 20:34:29.126] [main/DEBUG] [net.minecraftforge.registries.GameData/REGISTRIES]: Holder lookups applied: minecraft:fluid
[26wrz2026 20:34:30.762] [main/DEBUG] [net.minecraftforge.registries.GameData/REGISTRIES]: Applying holder lookups: minecraft:block
[26wrz2026 20:34:30.764] [main/DEBUG] [net.minecraftforge.registries.GameData/REGISTRIES]: Holder lookups applied: minecraft:block
[26wrz2026 20:34:30.765] [main/DEBUG] [net.minecraftforge.registries.GameData/REGISTRIES]: Applying holder lookups: minecraft:attribute
[26wrz2026 20:34:30.765] [main/DEBUG] [net.minecraftforge.registries.GameData/REGISTRIES]: Holder lookups applied: minecraft:attribute
[26wrz2026 20:34:30.766] [main/DEBUG] [net.minecraftforge.registries.GameData/REGISTRIES]: Applying holder lookups: minecraft:mob_effect
[26wrz2026 20:34:30.766] [main/DEBUG] [net.minecraftforge.registries.GameData/REGISTRIES]: Holder lookups applied: minecraft:mob_effect
[26wrz2026 20:34:30.783] [main/DEBUG] [net.minecraftforge.registries.GameData/REGISTRIES]: Applying holder lookups: minecraft:particle_type
[26wrz2026 20:34:30.783] [main/DEBUG] [net.minecraftforge.registries.GameData/REGISTRIES]: Holder lookups applied: minecraft:particle_type
[26wrz2026 20:34:30.802] [main/DEBUG] [io.netty.util.internal.InternalThreadLocalMap/]: -Dio.netty.threadLocalMap.stringBuilder.initialSize: 1024
[26wrz2026 20:34:30.802] [main/DEBUG] [io.netty.util.internal.InternalThreadLocalMap/]: -Dio.netty.threadLocalMap.stringBuilder.maxSize: 4096
[26wrz2026 20:34:30.803] [main/DEBUG] [io.netty.util.internal.ThreadLocalRandom/]: -Dio.netty.initialSeedUniquifier: 0x8a711bab190b0ce9
[26wrz2026 20:34:30.838] [main/DEBUG] [net.minecraftforge.registries.GameData/REGISTRIES]: Applying holder lookups: minecraft:item
[26wrz2026 20:34:30.840] [main/DEBUG] [net.minecraftforge.registries.GameData/REGISTRIES]: Holder lookups applied: minecraft:item
[26wrz2026 20:34:30.940] [main/DEBUG] [net.minecraftforge.registries.GameData/REGISTRIES]: Applying holder lookups: minecraft:entity_type
[26wrz2026 20:34:30.941] [main/DEBUG] [net.minecraftforge.registries.GameData/REGISTRIES]: Holder lookups applied: minecraft:entity_type
[26wrz2026 20:34:30.941] [main/DEBUG] [net.minecraftforge.registries.GameData/REGISTRIES]: Applying holder lookups: minecraft:sensor_type
[26wrz2026 20:34:30.941] [main/DEBUG] [net.minecraftforge.registries.GameData/REGISTRIES]: Holder lookups applied: minecraft:sensor_type
[26wrz2026 20:34:30.941] [main/DEBUG] [net.minecraftforge.registries.GameData/REGISTRIES]: Applying holder lookups: minecraft:memory_module_type
[26wrz2026 20:34:30.942] [main/DEBUG] [net.minecraftforge.registries.GameData/REGISTRIES]: Holder lookups applied: minecraft:memory_module_type
[26wrz2026 20:34:30.942] [main/DEBUG] [net.minecraftforge.registries.GameData/REGISTRIES]: Applying holder lookups: minecraft:potion
[26wrz2026 20:34:30.942] [main/DEBUG] [net.minecraftforge.registries.GameData/REGISTRIES]: Holder lookups applied: minecraft:potion
[26wrz2026 20:34:30.942] [main/DEBUG] [net.minecraftforge.registries.GameData/REGISTRIES]: Applying holder lookups: minecraft:game_event
[26wrz2026 20:34:30.942] [main/DEBUG] [net.minecraftforge.registries.GameData/REGISTRIES]: Holder lookups applied: minecraft:game_event
[26wrz2026 20:34:30.943] [main/DEBUG] [net.minecraftforge.registries.GameData/REGISTRIES]: Applying holder lookups: minecraft:enchantment
[26wrz2026 20:34:30.943] [main/DEBUG] [net.minecraftforge.registries.GameData/REGISTRIES]: Holder lookups applied: minecraft:enchantment
[26wrz2026 20:34:30.953] [main/DEBUG] [net.minecraftforge.registries.GameData/REGISTRIES]: Applying holder lookups: minecraft:block_entity_type
[26wrz2026 20:34:30.954] [main/DEBUG] [net.minecraftforge.registries.GameData/REGISTRIES]: Holder lookups applied: minecraft:block_entity_type
[26wrz2026 20:34:30.954] [main/DEBUG] [net.minecraftforge.registries.GameData/REGISTRIES]: Applying holder lookups: minecraft:painting_variant
[26wrz2026 20:34:30.954] [main/DEBUG] [net.minecraftforge.registries.GameData/REGISTRIES]: Holder lookups applied: minecraft:painting_variant
[26wrz2026 20:34:30.954] [main/DEBUG] [net.minecraftforge.registries.GameData/REGISTRIES]: Applying holder lookups: minecraft:stat_type
[26wrz2026 20:34:30.954] [main/DEBUG] [net.minecraftforge.registries.GameData/REGISTRIES]: Holder lookups applied: minecraft:stat_type
[26wrz2026 20:34:30.954] [main/DEBUG] [net.minecraftforge.registries.GameData/REGISTRIES]: Applying holder lookups: minecraft:custom_stat
[26wrz2026 20:34:30.955] [main/DEBUG] [net.minecraftforge.registries.GameData/REGISTRIES]: Holder lookups applied: minecraft:custom_stat
[26wrz2026 20:34:30.955] [main/DEBUG] [net.minecraftforge.registries.GameData/REGISTRIES]: Applying holder lookups: minecraft:chunk_status
[26wrz2026 20:34:30.955] [main/DEBUG] [net.minecraftforge.registries.GameData/REGISTRIES]: Holder lookups applied: minecraft:chunk_status
[26wrz2026 20:34:30.955] [main/DEBUG] [net.minecraftforge.registries.GameData/REGISTRIES]: Applying holder lookups: minecraft:rule_test
[26wrz2026 20:34:30.955] [main/DEBUG] [net.minecraftforge.registries.GameData/REGISTRIES]: Holder lookups applied: minecraft:rule_test
[26wrz2026 20:34:30.955] [main/DEBUG] [net.minecraftforge.registries.GameData/REGISTRIES]: Applying holder lookups: minecraft:rule_block_entity_modifier
[26wrz2026 20:34:30.955] [main/DEBUG] [net.minecraftforge.registries.GameData/REGISTRIES]: Holder lookups applied: minecraft:rule_block_entity_modifier
[26wrz2026 20:34:30.956] [main/DEBUG] [net.minecraftforge.registries.GameData/REGISTRIES]: Applying holder lookups: minecraft:pos_rule_test
[26wrz2026 20:34:30.956] [main/DEBUG] [net.minecraftforge.registries.GameData/REGISTRIES]: Holder lookups applied: minecraft:pos_rule_test
[26wrz2026 20:34:30.958] [main/DEBUG] [net.minecraftforge.registries.GameData/REGISTRIES]: Applying holder lookups: minecraft:menu
[26wrz2026 20:34:30.958] [main/DEBUG] [net.minecraftforge.registries.GameData/REGISTRIES]: Holder lookups applied: minecraft:menu
[26wrz2026 20:34:30.958] [main/DEBUG] [net.minecraftforge.registries.GameData/REGISTRIES]: Applying holder lookups: minecraft:recipe_type
[26wrz2026 20:34:30.958] [main/DEBUG] [net.minecraftforge.registries.GameData/REGISTRIES]: Holder lookups applied: minecraft:recipe_type
[26wrz2026 20:34:30.967] [main/DEBUG] [net.minecraftforge.registries.GameData/REGISTRIES]: Applying holder lookups: minecraft:recipe_serializer
[26wrz2026 20:34:30.968] [main/DEBUG] [net.minecraftforge.registries.GameData/REGISTRIES]: Holder lookups applied: minecraft:recipe_serializer
[26wrz2026 20:34:30.968] [main/DEBUG] [net.minecraftforge.registries.GameData/REGISTRIES]: Applying holder lookups: minecraft:position_source_type
[26wrz2026 20:34:30.969] [main/DEBUG] [net.minecraftforge.registries.GameData/REGISTRIES]: Holder lookups applied: minecraft:position_source_type
[26wrz2026 20:34:30.969] [main/DEBUG] [net.minecraftforge.registries.GameData/REGISTRIES]: Applying holder lookups: minecraft:command_argument_type
[26wrz2026 20:34:30.970] [main/DEBUG] [net.minecraftforge.registries.GameData/REGISTRIES]: Holder lookups applied: minecraft:command_argument_type
[26wrz2026 20:34:30.970] [main/DEBUG] [net.minecraftforge.registries.GameData/REGISTRIES]: Applying holder lookups: minecraft:villager_type
[26wrz2026 20:34:30.970] [main/DEBUG] [net.minecraftforge.registries.GameData/REGISTRIES]: Holder lookups applied: minecraft:villager_type
[26wrz2026 20:34:30.970] [main/DEBUG] [net.minecraftforge.registries.GameData/REGISTRIES]: Applying holder lookups: minecraft:villager_profession
[26wrz2026 20:34:30.971] [main/DEBUG] [net.minecraftforge.registries.GameData/REGISTRIES]: Holder lookups applied: minecraft:villager_profession
[26wrz2026 20:34:30.973] [main/DEBUG] [net.minecraftforge.registries.GameData/REGISTRIES]: Applying holder lookups: minecraft:point_of_interest_type
[26wrz2026 20:34:30.973] [main/DEBUG] [net.minecraftforge.registries.GameData/REGISTRIES]: Holder lookups applied: minecraft:point_of_interest_type
[26wrz2026 20:34:30.974] [main/DEBUG] [net.minecraftforge.registries.GameData/REGISTRIES]: Applying holder lookups: minecraft:schedule
[26wrz2026 20:34:30.974] [main/DEBUG] [net.minecraftforge.registries.GameData/REGISTRIES]: Holder lookups applied: minecraft:schedule
[26wrz2026 20:34:30.974] [main/DEBUG] [net.minecraftforge.registries.GameData/REGISTRIES]: Applying holder lookups: minecraft:activity
[26wrz2026 20:34:30.974] [main/DEBUG] [net.minecraftforge.registries.GameData/REGISTRIES]: Holder lookups applied: minecraft:activity
[26wrz2026 20:34:30.974] [main/DEBUG] [net.minecraftforge.registries.GameData/REGISTRIES]: Applying holder lookups: minecraft:loot_pool_entry_type
[26wrz2026 20:34:30.974] [main/DEBUG] [net.minecraftforge.registries.GameData/REGISTRIES]: Holder lookups applied: minecraft:loot_pool_entry_type
[26wrz2026 20:34:30.975] [main/DEBUG] [net.minecraftforge.registries.GameData/REGISTRIES]: Applying holder lookups: minecraft:loot_function_type
[26wrz2026 20:34:30.975] [main/DEBUG] [net.minecraftforge.registries.GameData/REGISTRIES]: Holder lookups applied: minecraft:loot_function_type
[26wrz2026 20:34:30.977] [main/DEBUG] [net.minecraftforge.registries.GameData/REGISTRIES]: Applying holder lookups: minecraft:loot_condition_type
[26wrz2026 20:34:30.977] [main/DEBUG] [net.minecraftforge.registries.GameData/REGISTRIES]: Holder lookups applied: minecraft:loot_condition_type
[26wrz2026 20:34:30.977] [main/DEBUG] [net.minecraftforge.registries.GameData/REGISTRIES]: Applying holder lookups: minecraft:loot_number_provider_type
[26wrz2026 20:34:30.977] [main/DEBUG] [net.minecraftforge.registries.GameData/REGISTRIES]: Holder lookups applied: minecraft:loot_number_provider_type
[26wrz2026 20:34:30.977] [main/DEBUG] [net.minecraftforge.registries.GameData/REGISTRIES]: Applying holder lookups: minecraft:loot_nbt_provider_type
[26wrz2026 20:34:30.977] [main/DEBUG] [net.minecraftforge.registries.GameData/REGISTRIES]: Holder lookups applied: minecraft:loot_nbt_provider_type
[26wrz2026 20:34:30.978] [main/DEBUG] [net.minecraftforge.registries.GameData/REGISTRIES]: Applying holder lookups: minecraft:loot_score_provider_type
[26wrz2026 20:34:30.978] [main/DEBUG] [net.minecraftforge.registries.GameData/REGISTRIES]: Holder lookups applied: minecraft:loot_score_provider_type
[26wrz2026 20:34:30.978] [main/DEBUG] [net.minecraftforge.registries.GameData/REGISTRIES]: Applying holder lookups: minecraft:float_provider_type
[26wrz2026 20:34:30.978] [main/DEBUG] [net.minecraftforge.registries.GameData/REGISTRIES]: Holder lookups applied: minecraft:float_provider_type
[26wrz2026 20:34:30.978] [main/DEBUG] [net.minecraftforge.registries.GameData/REGISTRIES]: Applying holder lookups: minecraft:int_provider_type
[26wrz2026 20:34:30.978] [main/DEBUG] [net.minecraftforge.registries.GameData/REGISTRIES]: Holder lookups applied: minecraft:int_provider_type
[26wrz2026 20:34:30.978] [main/DEBUG] [net.minecraftforge.registries.GameData/REGISTRIES]: Applying holder lookups: minecraft:height_provider_type
[26wrz2026 20:34:30.978] [main/DEBUG] [net.minecraftforge.registries.GameData/REGISTRIES]: Holder lookups applied: minecraft:height_provider_type
[26wrz2026 20:34:30.978] [main/DEBUG] [net.minecraftforge.registries.GameData/REGISTRIES]: Applying holder lookups: minecraft:block_predicate_type
[26wrz2026 20:34:30.979] [main/DEBUG] [net.minecraftforge.registries.GameData/REGISTRIES]: Holder lookups applied: minecraft:block_predicate_type
[26wrz2026 20:34:30.979] [main/DEBUG] [net.minecraftforge.registries.GameData/REGISTRIES]: Applying holder lookups: minecraft:worldgen/carver
[26wrz2026 20:34:30.979] [main/DEBUG] [net.minecraftforge.registries.GameData/REGISTRIES]: Holder lookups applied: minecraft:worldgen/carver
[26wrz2026 20:34:30.999] [main/DEBUG] [net.minecraftforge.registries.GameData/REGISTRIES]: Applying holder lookups: minecraft:worldgen/feature
[26wrz2026 20:34:30.999] [main/DEBUG] [net.minecraftforge.registries.GameData/REGISTRIES]: Holder lookups applied: minecraft:worldgen/feature
[26wrz2026 20:34:30.999] [main/DEBUG] [net.minecraftforge.registries.GameData/REGISTRIES]: Applying holder lookups: minecraft:worldgen/structure_processor
[26wrz2026 20:34:31.000] [main/DEBUG] [net.minecraftforge.registries.GameData/REGISTRIES]: Holder lookups applied: minecraft:worldgen/structure_processor
[26wrz2026 20:34:31.003] [main/DEBUG] [net.minecraftforge.registries.GameData/REGISTRIES]: Applying holder lookups: minecraft:worldgen/structure_placement
[26wrz2026 20:34:31.004] [main/DEBUG] [net.minecraftforge.registries.GameData/REGISTRIES]: Holder lookups applied: minecraft:worldgen/structure_placement
[26wrz2026 20:34:31.006] [main/DEBUG] [net.minecraftforge.registries.GameData/REGISTRIES]: Applying holder lookups: minecraft:worldgen/structure_piece
[26wrz2026 20:34:31.006] [main/DEBUG] [net.minecraftforge.registries.GameData/REGISTRIES]: Holder lookups applied: minecraft:worldgen/structure_piece
[26wrz2026 20:34:31.006] [main/DEBUG] [net.minecraftforge.registries.GameData/REGISTRIES]: Applying holder lookups: minecraft:worldgen/structure_type
[26wrz2026 20:34:31.007] [main/DEBUG] [net.minecraftforge.registries.GameData/REGISTRIES]: Holder lookups applied: minecraft:worldgen/structure_type
[26wrz2026 20:34:31.009] [main/DEBUG] [net.minecraftforge.registries.GameData/REGISTRIES]: Applying holder lookups: minecraft:worldgen/placement_modifier_type
[26wrz2026 20:34:31.010] [main/DEBUG] [net.minecraftforge.registries.GameData/REGISTRIES]: Holder lookups applied: minecraft:worldgen/placement_modifier_type
[26wrz2026 20:34:31.010] [main/DEBUG] [net.minecraftforge.registries.GameData/REGISTRIES]: Applying holder lookups: minecraft:worldgen/block_state_provider_type
[26wrz2026 20:34:31.010] [main/DEBUG] [net.minecraftforge.registries.GameData/REGISTRIES]: Holder lookups applied: minecraft:worldgen/block_state_provider_type
[26wrz2026 20:34:31.011] [main/DEBUG] [net.minecraftforge.registries.GameData/REGISTRIES]: Applying holder lookups: minecraft:worldgen/foliage_placer_type
[26wrz2026 20:34:31.011] [main/DEBUG] [net.minecraftforge.registries.GameData/REGISTRIES]: Holder lookups applied: minecraft:worldgen/foliage_placer_type
[26wrz2026 20:34:31.012] [main/DEBUG] [net.minecraftforge.registries.GameData/REGISTRIES]: Applying holder lookups: minecraft:worldgen/trunk_placer_type
[26wrz2026 20:34:31.013] [main/DEBUG] [net.minecraftforge.registries.GameData/REGISTRIES]: Holder lookups applied: minecraft:worldgen/trunk_placer_type
[26wrz2026 20:34:31.013] [main/DEBUG] [net.minecraftforge.registries.GameData/REGISTRIES]: Applying holder lookups: minecraft:worldgen/root_placer_type
[26wrz2026 20:34:31.013] [main/DEBUG] [net.minecraftforge.registries.GameData/REGISTRIES]: Holder lookups applied: minecraft:worldgen/root_placer_type
[26wrz2026 20:34:31.019] [main/DEBUG] [net.minecraftforge.registries.GameData/REGISTRIES]: Applying holder lookups: minecraft:worldgen/tree_decorator_type
[26wrz2026 20:34:31.020] [main/DEBUG] [net.minecraftforge.registries.GameData/REGISTRIES]: Holder lookups applied: minecraft:worldgen/tree_decorator_type
[26wrz2026 20:34:31.020] [main/DEBUG] [net.minecraftforge.registries.GameData/REGISTRIES]: Applying holder lookups: minecraft:worldgen/feature_size_type
[26wrz2026 20:34:31.020] [main/DEBUG] [net.minecraftforge.registries.GameData/REGISTRIES]: Holder lookups applied: minecraft:worldgen/feature_size_type
[26wrz2026 20:34:31.025] [main/DEBUG] [net.minecraftforge.registries.GameData/REGISTRIES]: Applying holder lookups: minecraft:worldgen/biome_source
[26wrz2026 20:34:31.025] [main/DEBUG] [net.minecraftforge.registries.GameData/REGISTRIES]: Holder lookups applied: minecraft:worldgen/biome_source
[26wrz2026 20:34:31.027] [main/DEBUG] [net.minecraftforge.registries.GameData/REGISTRIES]: Applying holder lookups: minecraft:worldgen/chunk_generator
[26wrz2026 20:34:31.028] [main/DEBUG] [net.minecraftforge.registries.GameData/REGISTRIES]: Holder lookups applied: minecraft:worldgen/chunk_generator
[26wrz2026 20:34:31.028] [main/DEBUG] [net.minecraftforge.registries.GameData/REGISTRIES]: Applying holder lookups: minecraft:worldgen/material_condition
[26wrz2026 20:34:31.029] [main/DEBUG] [net.minecraftforge.registries.GameData/REGISTRIES]: Holder lookups applied: minecraft:worldgen/material_condition
[26wrz2026 20:34:31.029] [main/DEBUG] [net.minecraftforge.registries.GameData/REGISTRIES]: Applying holder lookups: minecraft:worldgen/material_rule
[26wrz2026 20:34:31.029] [main/DEBUG] [net.minecraftforge.registries.GameData/REGISTRIES]: Holder lookups applied: minecraft:worldgen/material_rule
[26wrz2026 20:34:31.029] [main/DEBUG] [net.minecraftforge.registries.GameData/REGISTRIES]: Applying holder lookups: minecraft:worldgen/density_function_type
[26wrz2026 20:34:31.030] [main/DEBUG] [net.minecraftforge.registries.GameData/REGISTRIES]: Holder lookups applied: minecraft:worldgen/density_function_type
[26wrz2026 20:34:31.031] [main/DEBUG] [net.minecraftforge.registries.GameData/REGISTRIES]: Applying holder lookups: minecraft:worldgen/structure_pool_element
[26wrz2026 20:34:31.032] [main/DEBUG] [net.minecraftforge.registries.GameData/REGISTRIES]: Holder lookups applied: minecraft:worldgen/structure_pool_element
[26wrz2026 20:34:31.032] [main/DEBUG] [net.minecraftforge.registries.GameData/REGISTRIES]: Applying holder lookups: minecraft:cat_variant
[26wrz2026 20:34:31.032] [main/DEBUG] [net.minecraftforge.registries.GameData/REGISTRIES]: Holder lookups applied: minecraft:cat_variant
[26wrz2026 20:34:31.032] [main/DEBUG] [net.minecraftforge.registries.GameData/REGISTRIES]: Applying holder lookups: minecraft:frog_variant
[26wrz2026 20:34:31.032] [main/DEBUG] [net.minecraftforge.registries.GameData/REGISTRIES]: Holder lookups applied: minecraft:frog_variant
[26wrz2026 20:34:31.032] [main/DEBUG] [net.minecraftforge.registries.GameData/REGISTRIES]: Applying holder lookups: minecraft:banner_pattern
[26wrz2026 20:34:31.033] [main/DEBUG] [net.minecraftforge.registries.GameData/REGISTRIES]: Holder lookups applied: minecraft:banner_pattern
[26wrz2026 20:34:31.033] [main/DEBUG] [net.minecraftforge.registries.GameData/REGISTRIES]: Applying holder lookups: minecraft:instrument
[26wrz2026 20:34:31.033] [main/DEBUG] [net.minecraftforge.registries.GameData/REGISTRIES]: Holder lookups applied: minecraft:instrument
[26wrz2026 20:34:31.033] [main/DEBUG] [net.minecraftforge.registries.GameData/REGISTRIES]: Applying holder lookups: minecraft:decorated_pot_patterns
[26wrz2026 20:34:31.033] [main/DEBUG] [net.minecraftforge.registries.GameData/REGISTRIES]: Holder lookups applied: minecraft:decorated_pot_patterns
[26wrz2026 20:34:31.034] [main/DEBUG] [net.minecraftforge.registries.GameData/REGISTRIES]: Applying holder lookups: minecraft:creative_mode_tab
[26wrz2026 20:34:31.035] [main/DEBUG] [net.minecraftforge.registries.GameData/REGISTRIES]: Holder lookups applied: minecraft:creative_mode_tab
[26wrz2026 20:34:31.035] [main/DEBUG] [net.minecraftforge.registries.GameData/REGISTRIES]: Applying holder lookups: eternal_starlight:boarwarf_profession
[26wrz2026 20:34:31.035] [main/DEBUG] [net.minecraftforge.registries.GameData/REGISTRIES]: Holder lookups applied: eternal_starlight:boarwarf_profession
[26wrz2026 20:34:31.035] [main/DEBUG] [net.minecraftforge.registries.GameData/REGISTRIES]: Applying holder lookups: eternal_starlight:spell
[26wrz2026 20:34:31.036] [main/DEBUG] [net.minecraftforge.registries.GameData/REGISTRIES]: Holder lookups applied: eternal_starlight:spell
[26wrz2026 20:34:31.036] [main/DEBUG] [net.minecraftforge.registries.GameData/REGISTRIES]: Applying holder lookups: eternal_starlight:weather
[26wrz2026 20:34:31.036] [main/DEBUG] [net.minecraftforge.registries.GameData/REGISTRIES]: Holder lookups applied: eternal_starlight:weather
[26wrz2026 20:34:31.039] [main/DEBUG] [net.minecraftforge.registries.GameData/REGISTRIES]: Applying holder lookups: forge:biome_modifier_serializers
[26wrz2026 20:34:31.040] [main/DEBUG] [net.minecraftforge.registries.GameData/REGISTRIES]: Holder lookups applied: forge:biome_modifier_serializers
[26wrz2026 20:34:31.040] [main/DEBUG] [net.minecraftforge.registries.GameData/REGISTRIES]: Applying holder lookups: forge:display_contexts
[26wrz2026 20:34:31.041] [main/DEBUG] [net.minecraftforge.registries.GameData/REGISTRIES]: Holder lookups applied: forge:display_contexts
[26wrz2026 20:34:31.041] [main/DEBUG] [net.minecraftforge.registries.GameData/REGISTRIES]: Applying holder lookups: forge:entity_data_serializers
[26wrz2026 20:34:31.041] [main/DEBUG] [net.minecraftforge.registries.GameData/REGISTRIES]: Holder lookups applied: forge:entity_data_serializers
[26wrz2026 20:34:31.045] [main/DEBUG] [net.minecraftforge.registries.GameData/REGISTRIES]: Applying holder lookups: forge:fluid_type
[26wrz2026 20:34:31.046] [main/DEBUG] [net.minecraftforge.registries.GameData/REGISTRIES]: Holder lookups applied: forge:fluid_type
[26wrz2026 20:34:31.046] [main/DEBUG] [net.minecraftforge.registries.GameData/REGISTRIES]: Applying holder lookups: forge:global_loot_modifier_serializers
[26wrz2026 20:34:31.047] [main/DEBUG] [net.minecraftforge.registries.GameData/REGISTRIES]: Holder lookups applied: forge:global_loot_modifier_serializers
[26wrz2026 20:34:31.049] [main/DEBUG] [net.minecraftforge.registries.GameData/REGISTRIES]: Applying holder lookups: forge:holder_set_type
[26wrz2026 20:34:31.050] [main/DEBUG] [net.minecraftforge.registries.GameData/REGISTRIES]: Holder lookups applied: forge:holder_set_type
[26wrz2026 20:34:31.050] [main/DEBUG] [net.minecraftforge.registries.GameData/REGISTRIES]: Applying holder lookups: forge:structure_modifier_serializers
[26wrz2026 20:34:31.051] [main/DEBUG] [net.minecraftforge.registries.GameData/REGISTRIES]: Holder lookups applied: forge:structure_modifier_serializers
[26wrz2026 20:34:31.051] [main/DEBUG] [net.minecraftforge.registries.GameData/REGISTRIES]: Applying holder lookups: minecraft:worldgen/biome
[26wrz2026 20:34:31.051] [main/DEBUG] [net.minecraftforge.registries.GameData/REGISTRIES]: Holder lookups applied: minecraft:worldgen/biome
[26wrz2026 20:34:31.128] [main/WARN] [net.minecraft.server.packs.VanillaPackResourcesBuilder/]: Assets URL 'union:/C:/AModeFolder/eternal-starlight/build/fg_cache/net/minecraftforge/forge/1.20.1-47.4.13_mapped_parchment_2023.09.03-1.20.1/forge-1.20.1-47.4.13_mapped_parchment_2023.09.03-1.20.1-recomp.jar%23191!/assets/.mcassetsroot' uses unexpected schema
[26wrz2026 20:34:31.128] [main/WARN] [net.minecraft.server.packs.VanillaPackResourcesBuilder/]: Assets URL 'union:/C:/AModeFolder/eternal-starlight/build/fg_cache/net/minecraftforge/forge/1.20.1-47.4.13_mapped_parchment_2023.09.03-1.20.1/forge-1.20.1-47.4.13_mapped_parchment_2023.09.03-1.20.1-recomp.jar%23191!/data/.mcassetsroot' uses unexpected schema
[26wrz2026 20:34:31.201] [main/DEBUG] [mixin/]: Mixing client.SpriteSourceListMixin from mixins.eternal_starlight.json into net.minecraft.client.renderer.texture.atlas.SpriteSources
[26wrz2026 20:34:31.304] [main/INFO] [net.minecraft.data.DataGenerator/]: Starting provider: Block States: eternal_starlight
[26wrz2026 20:34:31.825] [main/INFO] [net.minecraft.data.DataGenerator/]: Block States: eternal_starlight finished after 521 ms
[26wrz2026 20:34:31.825] [main/INFO] [net.minecraft.data.DataGenerator/]: Starting provider: Item Models: eternal_starlight
[26wrz2026 20:34:31.891] [main/INFO] [net.minecraft.data.DataGenerator/]: Item Models: eternal_starlight finished after 66 ms
[26wrz2026 20:34:31.892] [main/INFO] [net.minecraft.data.DataGenerator/]: Starting provider: atlases generator for eternal_starlight
[26wrz2026 20:34:31.899] [main/INFO] [net.minecraft.data.DataGenerator/]: atlases generator for eternal_starlight finished after 7 ms
[26wrz2026 20:34:31.899] [main/INFO] [net.minecraft.data.DataGenerator/]: Starting provider: Particle Descriptions
[26wrz2026 20:34:31.909] [main/INFO] [net.minecraft.data.DataGenerator/]: Particle Descriptions finished after 9 ms
[26wrz2026 20:34:31.909] [main/INFO] [net.minecraft.data.DataGenerator/]: Starting provider: Sound Definitions
[26wrz2026 20:34:31.923] [main/INFO] [net.minecraft.data.DataGenerator/]: Sound Definitions finished after 13 ms
[26wrz2026 20:34:31.923] [main/INFO] [net.minecraft.data.DataGenerator/]: Starting provider: Book definitions generator for eternal_starlight
[26wrz2026 20:34:31.971] [main/INFO] [net.minecraft.data.DataGenerator/]: Book definitions generator for eternal_starlight finished after 48 ms
[26wrz2026 20:34:31.971] [main/INFO] [net.minecraft.data.DataGenerator/]: Starting provider: Tags for minecraft:block mod id eternal_starlight
[26wrz2026 20:34:31.983] [main/INFO] [net.minecraft.data.DataGenerator/]: Tags for minecraft:block mod id eternal_starlight finished after 11 ms
[26wrz2026 20:34:31.983] [main/INFO] [net.minecraft.data.DataGenerator/]: Starting provider: Tags for minecraft:item mod id eternal_starlight
[26wrz2026 20:34:31.991] [main/INFO] [net.minecraft.data.DataGenerator/]: Tags for minecraft:item mod id eternal_starlight finished after 7 ms
[26wrz2026 20:34:31.991] [main/INFO] [net.minecraft.data.DataGenerator/]: Starting provider: Tags for minecraft:entity_type mod id eternal_starlight
[26wrz2026 20:34:31.992] [main/INFO] [net.minecraft.data.DataGenerator/]: Tags for minecraft:entity_type mod id eternal_starlight finished after 1 ms
[26wrz2026 20:34:31.992] [main/INFO] [net.minecraft.data.DataGenerator/]: Starting provider: Tags for minecraft:fluid mod id eternal_starlight
[26wrz2026 20:34:31.993] [main/INFO] [net.minecraft.data.DataGenerator/]: Tags for minecraft:fluid mod id eternal_starlight finished after 0 ms
[26wrz2026 20:34:31.993] [main/INFO] [net.minecraft.data.DataGenerator/]: Starting provider: Tags for minecraft:mob_effect mod id eternal_starlight
[26wrz2026 20:34:31.994] [main/INFO] [net.minecraft.data.DataGenerator/]: Tags for minecraft:mob_effect mod id eternal_starlight finished after 0 ms
[26wrz2026 20:34:31.995] [main/INFO] [net.minecraft.data.DataGenerator/]: Starting provider: Registries
[26wrz2026 20:34:32.211] [main/INFO] [net.minecraft.data.DataGenerator/]: Registries finished after 216 ms
[26wrz2026 20:34:32.211] [main/INFO] [net.minecraft.data.DataGenerator/]: Starting provider: Tags for minecraft:damage_type mod id eternal_starlight
[26wrz2026 20:34:32.213] [main/INFO] [net.minecraft.data.DataGenerator/]: Tags for minecraft:damage_type mod id eternal_starlight finished after 1 ms
[26wrz2026 20:34:32.213] [main/INFO] [net.minecraft.data.DataGenerator/]: Starting provider: Tags for minecraft:worldgen/biome mod id eternal_starlight
[26wrz2026 20:34:32.213] [main/INFO] [net.minecraft.data.DataGenerator/]: Tags for minecraft:worldgen/biome mod id eternal_starlight finished after 0 ms
[26wrz2026 20:34:32.213] [main/INFO] [net.minecraft.data.DataGenerator/]: Starting provider: Tags for minecraft:worldgen/structure mod id eternal_starlight
[26wrz2026 20:34:32.214] [main/INFO] [net.minecraft.data.DataGenerator/]: Tags for minecraft:worldgen/structure mod id eternal_starlight finished after 0 ms
[26wrz2026 20:34:32.214] [main/INFO] [net.minecraft.data.DataGenerator/]: Starting provider: Tags for minecraft:painting_variant mod id eternal_starlight
[26wrz2026 20:34:32.215] [main/INFO] [net.minecraft.data.DataGenerator/]: Tags for minecraft:painting_variant mod id eternal_starlight finished after 1 ms
[26wrz2026 20:34:32.215] [main/INFO] [net.minecraft.data.DataGenerator/]: Starting provider: Loot Tables
[26wrz2026 20:34:32.232] [main/DEBUG] [mixin/]: Mixing EntityFlagsPredicateMixin from mixins.eternal_starlight.json into net.minecraft.advancements.critereon.EntityFlagsPredicate
[26wrz2026 20:34:32.234] [main/DEBUG] [net.minecraftforge.coremod.transformer.CoreModBaseTransformer/COREMOD]: Transforming net/minecraft/world/entity/raid/Raid
[26wrz2026 20:34:32.363] [main/INFO] [net.minecraft.data.DataGenerator/]: Loot Tables finished after 147 ms
[26wrz2026 20:34:32.363] [main/INFO] [net.minecraft.data.DataGenerator/]: Starting provider: Advancements
[26wrz2026 20:34:32.379] [main/INFO] [net.minecraft.data.DataGenerator/]: Advancements finished after 15 ms
[26wrz2026 20:34:32.379] [main/INFO] [net.minecraft.data.DataGenerator/]: Starting provider: Recipes
[26wrz2026 20:34:32.442] [main/INFO] [net.minecraft.data.DataGenerator/]: Recipes finished after 62 ms
[26wrz2026 20:34:32.442] [main/INFO] [net.minecraft.data.DataGenerator/]: All providers took: 1138 ms
[26wrz2026 20:34:32.623] [main/INFO] [net.minecraft.data.HashCache/]: Caching: total files: 7616, old count: 7616, new count: 7617, removed stale: 0, written: 7
